,0,1,2,3,4,5,6,7,8,9,10,11
0,level,page_num,block_num,par_num,line_num,word_num,left,top,width,height,conf,text
1,1,1,0,0,0,0,0,0,4961,3509,-1,
2,2,1,1,0,0,0,183,399,1423,523,-1,
3,3,1,1,1,0,0,183,399,1423,523,-1,
4,4,1,1,1,1,0,1072,399,285,108,-1,
5,5,1,1,1,1,1,1072,399,285,108,95.000000,     
6,4,1,1,1,2,0,1075,507,282,44,-1,
7,5,1,1,1,2,1,1075,507,282,44,95.000000,  
8,4,1,1,1,3,0,1075,551,531,81,-1,
9,5,1,1,1,3,1,1075,551,531,81,95.000000,   
10,4,1,1,1,4,0,1580,632,26,94,-1,
11,5,1,1,1,4,1,1580,632,26,94,95.000000,  
12,4,1,1,1,5,0,1593,726,13,163,-1,
13,5,1,1,1,5,1,1593,726,13,163,95.000000,  
14,4,1,1,1,6,0,183,889,179,33,-1,
15,5,1,1,1,6,1,183,889,179,33,95.000000, 
16,2,1,2,0,0,0,158,151,470,415,-1,
17,3,1,2,1,0,0,158,151,470,415,-1,
18,4,1,2,1,1,0,158,151,470,415,-1,
19,5,1,2,1,1,1,158,151,470,415,95.000000, 
20,2,1,3,0,0,0,189,529,1014,127,-1,
21,3,1,3,1,0,0,189,529,1012,127,-1,
22,4,1,3,1,1,0,189,529,886,100,-1,
23,5,1,3,1,1,1,189,581,339,43,38.189335,ee
24,5,1,3,1,1,2,879,550,81,79,27.994553,oneg
25,5,1,3,1,1,3,969,529,106,92,42.346786,_~
26,4,1,3,1,2,0,358,592,845,57,-1,
27,5,1,3,1,2,1,358,616,42,15,96.491631,FROM
28,5,1,3,1,2,2,411,616,47,16,94.235336,FLARE
29,5,1,3,1,2,3,469,616,85,16,95.417656,SCRUBBER
30,5,1,3,1,2,4,565,616,53,16,96.177155,PUMPS
31,5,1,3,1,2,5,979,622,53,17,21.818283,fe
32,5,1,3,1,2,6,1065,597,39,43,32.116287,so
33,5,1,3,1,2,7,1146,592,57,57,33.405731,ee
34,4,1,3,1,3,0,1135,640,66,16,-1,
35,5,1,3,1,3,1,1135,640,66,16,30.585037,B11201
36,2,1,4,0,0,0,183,889,1422,65,-1,
37,3,1,4,1,0,0,183,889,1422,65,-1,
38,4,1,4,1,1,0,541,889,1064,33,-1,
39,5,1,4,1,1,1,541,889,1064,33,95.000000, 
40,4,1,4,1,2,0,183,922,162,32,-1,
41,5,1,4,1,2,1,183,922,162,32,95.000000, 
42,2,1,5,0,0,0,360,897,190,49,-1,
43,3,1,5,1,0,0,360,897,190,49,-1,
44,4,1,5,1,1,0,362,897,179,17,-1,
45,5,1,5,1,1,1,362,897,179,17,34.892593,10°-PL-D}—1101—2H1
46,4,1,5,1,2,0,360,930,190,16,-1,
47,5,1,5,1,2,1,360,930,43,15,95.637154,FROM
48,5,1,5,1,2,2,412,930,37,15,95.637154,TEST
49,5,1,5,1,2,3,460,931,90,15,96.150414,SEPARATOR
50,2,1,6,0,0,0,183,922,1422,97,-1,
51,3,1,6,1,0,0,183,922,1422,97,-1,
52,4,1,6,1,1,0,560,922,1045,32,-1,
53,5,1,6,1,1,1,560,922,1045,32,95.000000, 
54,4,1,6,1,2,0,183,954,1422,29,-1,
55,5,1,6,1,2,1,183,954,1422,29,95.000000, 
56,4,1,6,1,3,0,572,996,628,23,-1,
57,5,1,6,1,3,1,572,996,628,23,95.000000,  
58,2,1,7,0,0,0,562,983,1043,340,-1,
59,3,1,7,1,0,0,562,983,1043,340,-1,
60,4,1,7,1,1,0,1267,983,338,48,-1,
61,5,1,7,1,1,1,1267,983,338,48,95.000000,  
62,4,1,7,1,2,0,1267,1031,338,19,-1,
63,5,1,7,1,2,1,1267,1031,338,19,95.000000,  
64,4,1,7,1,3,0,1267,1050,337,22,-1,
65,5,1,7,1,3,1,1267,1050,337,22,95.000000, 
66,4,1,7,1,4,0,1266,1072,338,20,-1,
67,5,1,7,1,4,1,1266,1072,338,20,95.000000, 
68,4,1,7,1,5,0,1266,1092,338,24,-1,
69,5,1,7,1,5,1,1266,1092,338,24,95.000000,  
70,4,1,7,1,6,0,1266,1116,338,43,-1,
71,5,1,7,1,6,1,1266,1116,338,43,95.000000,    
72,4,1,7,1,7,0,1266,1159,338,22,-1,
73,5,1,7,1,7,1,1266,1159,338,22,95.000000, 
74,4,1,7,1,8,0,1266,1181,338,33,-1,
75,5,1,7,1,8,1,1266,1181,338,33,95.000000, 
76,4,1,7,1,9,0,563,1214,1040,25,-1,
77,5,1,7,1,9,1,563,1214,1040,25,95.000000, 
78,4,1,7,1,10,0,562,1292,107,31,-1,
79,5,1,7,1,10,1,562,1292,107,31,95.000000, 
80,2,1,8,0,0,0,355,992,221,50,-1,
81,3,1,8,1,0,0,355,992,221,50,-1,
82,4,1,8,1,1,0,356,992,124,18,-1,
83,5,1,8,1,1,1,356,992,124,18,20.519547,1°-Ci-G5-6010
84,4,1,8,1,2,0,355,1025,221,17,-1,
85,5,1,8,1,2,1,355,1025,77,17,96.655563,CHEMICAL
86,5,1,8,1,2,2,442,1026,78,15,92.171074,INJECTION
87,5,1,8,1,2,3,532,1027,44,14,96.164124,PUMP
88,2,1,9,0,0,0,182,996,174,127,-1,
89,3,1,9,1,0,0,182,996,174,127,-1,
90,4,1,9,1,1,0,336,996,20,23,-1,
91,5,1,9,1,1,1,336,996,20,23,95.000000,  
92,4,1,9,1,2,0,336,1019,19,30,-1,
93,5,1,9,1,2,1,336,1019,19,30,95.000000, 
94,4,1,9,1,3,0,182,1101,174,22,-1,
95,5,1,9,1,3,1,182,1101,174,22,95.000000, 
96,2,1,10,0,0,0,187,996,1025,366,-1,
97,3,1,10,1,0,0,187,996,1025,366,-1,
98,4,1,10,1,1,0,187,996,1025,366,-1,
99,5,1,10,1,1,1,187,996,1025,366,95.000000,   
100,2,1,11,0,0,0,355,1098,210,53,-1,
101,3,1,11,1,0,0,355,1098,210,53,-1,
102,4,1,11,1,1,0,356,1098,124,17,-1,
103,5,1,11,1,1,1,356,1098,124,17,48.188648,1°~Ci-E6-6005
104,4,1,11,1,2,0,355,1134,210,17,-1,
105,5,1,11,1,2,1,355,1134,43,16,95.870178,POUR
106,5,1,11,1,2,2,409,1135,46,15,92.606689,POINT
107,5,1,11,1,2,3,466,1135,99,16,93.168877,DEPRESSANT
108,2,1,12,0,0,0,181,1101,853,289,-1,
109,3,1,12,1,0,0,181,1101,853,289,-1,
110,4,1,12,1,1,0,480,1101,554,22,-1,
111,5,1,12,1,1,1,480,1101,554,22,95.000000, 
112,4,1,12,1,2,0,182,1123,852,36,-1,
113,5,1,12,1,2,1,182,1123,852,36,95.000000,  
114,4,1,12,1,3,0,186,1214,3,50,-1,
115,5,1,12,1,3,1,186,1214,3,50,95.000000, 
116,4,1,12,1,4,0,181,1292,176,56,-1,
117,5,1,12,1,4,1,181,1292,176,56,95.000000,   
118,4,1,12,1,5,0,181,1348,158,42,-1,
119,5,1,12,1,5,1,181,1348,158,42,95.000000,  
120,2,1,13,0,0,0,565,1126,476,236,-1,
121,3,1,13,1,0,0,565,1126,476,236,-1,
122,4,1,13,1,1,0,565,1126,476,236,-1,
123,5,1,13,1,1,1,565,1126,476,236,95.000000,  
124,2,1,14,0,0,0,355,1206,208,55,-1,
125,3,1,14,1,0,0,355,1206,208,55,-1,
126,4,1,14,1,1,0,357,1206,206,22,-1,
127,5,1,14,1,1,1,357,1206,98,22,34.210037,1/2°-CI-SS_
128,5,1,14,1,1,2,466,1208,29,16,84.705818,316
129,5,1,14,1,1,3,506,1208,57,16,90.488899,TUBNG
130,4,1,14,1,2,0,355,1244,176,17,-1,
131,5,1,14,1,2,1,355,1244,89,16,95.902092,CORROSION
132,5,1,14,1,2,2,456,1244,75,17,47.354889,INHIBITOR
133,2,1,15,0,0,0,335,1214,22,25,-1,
134,3,1,15,1,0,0,335,1214,22,25,-1,
135,4,1,15,1,1,0,335,1214,22,25,-1,
136,5,1,15,1,1,1,335,1214,22,25,95.000000,  
137,2,1,16,0,0,0,220,1226,69,17,-1,
138,3,1,16,1,0,0,220,1226,69,17,-1,
139,4,1,16,1,1,0,220,1226,69,17,-1,
140,5,1,16,1,1,1,220,1226,69,17,36.280258,01-0132
141,2,1,17,0,0,0,335,1239,1268,25,-1,
142,3,1,17,1,0,0,335,1239,1268,25,-1,
143,4,1,17,1,1,0,335,1239,1268,25,-1,
144,5,1,17,1,1,1,335,1239,1,25,95.000000, 
145,5,1,17,1,1,2,944,1239,659,25,95.000000, 
146,2,1,18,0,0,0,944,1264,1065,17,-1,
147,3,1,18,1,0,0,944,1264,1065,17,-1,
148,4,1,18,1,1,0,944,1264,1065,17,-1,
149,5,1,18,1,1,1,944,1264,1065,17,95.000000,  
150,2,1,19,0,0,0,683,1265,73,16,-1,
151,3,1,19,1,0,0,683,1265,73,16,-1,
152,4,1,19,1,1,0,683,1265,73,16,-1,
153,5,1,19,1,1,1,683,1265,73,16,94.931915,INJECTION
154,2,1,20,0,0,0,703,1299,29,16,-1,
155,3,1,20,1,0,0,703,1299,29,16,-1,
156,4,1,20,1,1,0,703,1299,29,16,-1,
157,5,1,20,1,1,1,703,1299,29,16,33.622894,"""ARE"
158,2,1,21,0,0,0,357,1302,415,39,-1,
159,3,1,21,1,0,0,357,1302,415,39,-1,
160,4,1,21,1,1,0,357,1302,415,39,-1,
161,5,1,21,1,1,1,357,1303,98,22,71.416718,1/2°-CI-SS
162,5,1,21,1,1,2,465,1306,30,14,95.465149,316
163,5,1,21,1,1,3,505,1306,57,15,11.179886,TUBING
164,5,1,21,1,1,4,690,1302,82,39,0.808037,cl-11203)
165,2,1,22,0,0,0,562,1323,297,188,-1,
166,3,1,22,1,0,0,562,1323,297,188,-1,
167,4,1,22,1,1,0,562,1323,111,25,-1,
168,5,1,22,1,1,1,562,1323,111,25,95.000000,  
169,4,1,22,1,2,0,653,1348,28,16,-1,
170,5,1,22,1,2,1,653,1348,28,16,95.000000, 
171,4,1,22,1,3,0,653,1364,28,26,-1,
172,5,1,22,1,3,1,653,1364,28,26,95.000000, 
173,4,1,22,1,4,0,653,1390,28,50,-1,
174,5,1,22,1,4,1,653,1390,28,50,95.000000,  
175,4,1,22,1,5,0,624,1440,128,40,-1,
176,5,1,22,1,5,1,624,1440,128,40,95.000000,  
177,4,1,22,1,6,0,622,1480,237,31,-1,
178,5,1,22,1,6,1,622,1480,237,31,95.000000, 
179,2,1,23,0,0,0,954,1348,19,43,-1,
180,3,1,23,1,0,0,954,1348,19,43,-1,
181,4,1,23,1,1,0,954,1348,19,43,-1,
182,5,1,23,1,1,1,954,1348,19,43,95.000000,    
183,2,1,24,0,0,0,354,1340,788,67,-1,
184,3,1,24,1,0,0,354,1340,788,67,-1,
185,4,1,24,1,1,0,354,1340,783,16,-1,
186,5,1,24,1,1,1,354,1340,48,16,95.133331,SCALE
187,5,1,24,1,1,2,414,1340,74,16,79.298820,INHIBITOR
188,5,1,24,1,1,3,1088,1340,49,15,94.464966,PIPING
189,4,1,24,1,2,0,457,1364,685,20,-1,
190,5,1,24,1,2,1,457,1368,29,15,82.186752,SEE
191,5,1,24,1,2,2,496,1368,74,15,82.186752,CHEWICAL
192,5,1,24,1,2,3,782,1364,30,16,85.226219,SEE
193,5,1,24,1,2,4,822,1364,74,16,72.907692,CHEMICAL
194,5,1,24,1,2,5,1087,1369,55,15,64.962509,TUBING
195,4,1,24,1,3,0,459,1382,489,25,-1,
196,5,1,24,1,3,1,459,1388,75,15,91.660263,INJECTION
197,5,1,24,1,3,2,544,1388,50,15,55.156231,DETAIL
198,5,1,24,1,3,3,603,1386,19,21,68.566933,2
199,5,1,24,1,3,4,784,1384,75,16,95.984711,INJECTION
200,5,1,24,1,3,5,870,1384,48,16,71.814835,DETAIL
201,5,1,24,1,3,6,928,1382,20,21,71.814835,$2
202,2,1,25,0,0,0,456,1411,166,72,-1,
203,3,1,25,1,0,0,456,1415,166,64,-1,
204,4,1,25,1,1,0,456,1418,75,15,-1,
205,5,1,25,1,1,1,456,1418,75,15,50.031303,INJECTION
206,4,1,25,1,2,0,456,1411,150,69,-1,
207,5,1,25,1,2,1,456,1424,42,36,88.599663,QUILL
208,5,1,25,1,2,2,558,1411,48,69,65.151291,WA
209,4,1,25,1,3,0,456,1414,166,69,-1,
210,5,1,25,1,3,1,456,1451,89,21,43.284851,(cl-11201)
211,5,1,25,1,3,2,558,1414,64,69,35.181465,WA
212,2,1,26,0,0,0,347,1481,181,18,-1,
213,3,1,26,1,0,0,347,1481,181,18,-1,
214,4,1,26,1,1,0,347,1481,181,18,-1,
215,5,1,26,1,1,1,347,1481,181,18,38.200844,18°-PF—-D1—1053-2H1
216,2,1,27,0,0,0,180,1440,167,68,-1,
217,3,1,27,1,0,0,180,1440,167,68,-1,
218,4,1,27,1,1,0,180,1440,167,68,-1,
219,5,1,27,1,1,1,180,1440,167,68,95.000000,  
220,2,1,28,0,0,0,767,1403,162,102,-1,
221,3,1,28,1,0,0,767,1403,162,70,-1,
222,4,1,28,1,1,0,767,1403,162,70,-1,
223,5,1,28,1,1,1,767,1403,83,34,95.672112,INJECTION
224,5,1,28,1,1,2,863,1403,66,70,78.596603,pA
225,3,1,28,2,0,0,772,1430,42,16,-1,
226,4,1,28,2,1,0,772,1430,42,16,-1,
227,5,1,28,2,1,1,772,1430,42,16,83.579643,QULL
228,3,1,28,3,0,0,772,1404,182,101,-1,
229,4,1,28,3,1,0,772,1449,88,21,-1,
230,5,1,28,3,1,1,772,1449,88,21,45.107113,(cl-11202)
231,4,1,28,3,2,0,879,1491,50,14,-1,
232,5,1,28,3,2,1,879,1491,4,9,24.376862,y
233,5,1,28,3,2,2,922,1493,7,12,86.408936,Q
234,2,1,29,0,0,0,859,1491,69,32,-1,
235,3,1,29,1,0,0,859,1491,69,32,-1,
236,4,1,29,1,1,0,859,1491,69,32,-1,
237,5,1,29,1,1,1,859,1491,69,32,0.000000,gah}
238,2,1,30,0,0,0,855,1513,450,126,-1,
239,3,1,30,1,0,0,855,1513,450,121,-1,
240,4,1,30,1,1,0,855,1513,450,119,-1,
241,5,1,30,1,1,1,855,1563,83,38,75.248619,INJECTION
242,5,1,30,1,1,2,960,1563,17,62,0.000000,s
243,5,1,30,1,1,3,960,1559,65,73,44.241062,eA
244,5,1,30,1,1,4,1127,1563,76,48,0.000000,uEETiON
245,5,1,30,1,1,5,1234,1513,71,119,15.593636,A
246,4,1,30,1,2,0,859,1593,357,46,-1,
247,5,1,30,1,2,1,859,1593,46,46,55.175026,et
248,5,1,30,1,2,2,905,1606,43,33,96.714470,1204)
249,5,1,30,1,2,3,1128,1610,88,21,0.000000,(G-11205)
250,2,1,31,0,0,0,180,1490,679,49,-1,
251,3,1,31,1,0,0,180,1490,679,49,-1,
252,4,1,31,1,1,0,180,1490,378,21,-1,
253,5,1,31,1,1,1,180,1490,378,21,95.000000,  
254,4,1,31,1,2,0,180,1511,679,28,-1,
255,5,1,31,1,2,1,180,1511,679,28,95.000000, 
256,2,1,32,0,0,0,1384,1743,86,213,-1,
257,3,1,32,1,0,0,1384,1743,86,213,-1,
258,4,1,32,1,1,0,1384,1743,86,213,-1,
259,5,1,32,1,1,1,1384,1743,86,213,95.000000, 
260,2,1,33,0,0,0,476,2339,547,127,-1,
261,3,1,33,1,0,0,476,2339,547,127,-1,
262,4,1,33,1,1,0,476,2339,547,127,-1,
263,5,1,33,1,1,1,476,2339,547,127,95.000000,  
264,5,1,33,1,1,2,629,2339,38,14,95.000000, 
265,5,1,33,1,1,3,796,2339,227,14,95.000000, 
266,2,1,34,0,0,0,1239,2442,150,55,-1,
267,3,1,34,1,0,0,1239,2442,150,55,-1,
268,4,1,34,1,1,0,1239,2442,150,55,-1,
269,5,1,34,1,1,1,1239,2442,150,55,95.000000,  
270,2,1,35,0,0,0,182,1539,2241,1024,-1,
271,3,1,35,1,0,0,182,1539,2241,1024,-1,
272,4,1,35,1,1,0,2408,1539,15,9,-1,
273,5,1,35,1,1,1,2408,1539,15,9,8.547226,Pa
274,4,1,35,1,2,0,2408,1551,14,16,-1,
275,5,1,35,1,2,1,2408,1551,14,16,28.860161,iS
276,4,1,35,1,3,0,2408,1568,15,9,-1,
277,5,1,35,1,3,1,2408,1568,15,9,88.243202,5
278,4,1,35,1,4,0,1761,1579,657,13,-1,
279,5,1,35,1,4,1,1761,1585,21,7,44.867813,=
280,5,1,35,1,4,2,2415,1579,3,11,28.771645,t
281,4,1,35,1,5,0,1757,1584,666,44,-1,
282,5,1,35,1,5,1,1757,1584,43,43,36.319519,oer
283,5,1,35,1,5,2,1920,1585,83,43,45.083729,3/4NBAB
284,5,1,35,1,5,3,2408,1591,15,20,61.734528,7
285,4,1,35,1,6,0,1467,1609,955,40,-1,
286,5,1,35,1,6,1,1467,1618,39,16,94.855408,HEAT
287,5,1,35,1,6,2,1515,1618,61,17,94.855408,TRACED
288,5,1,35,1,6,3,1915,1609,73,40,42.293896,vB11203
289,5,1,35,1,6,4,2407,1611,15,33,57.107449,8
290,4,1,35,1,7,0,956,1636,1462,24,-1,
291,5,1,35,1,7,1,956,1636,29,16,78.155853,SEE
292,5,1,35,1,7,2,995,1636,74,16,78.155853,CHEMICAL
293,5,1,35,1,7,3,1221,1639,28,14,86.346512,SEE
294,5,1,35,1,7,4,1260,1639,73,15,62.867420,CHEVICAL
295,5,1,35,1,7,5,1456,1643,14,16,92.619141,&
296,5,1,35,1,7,6,1481,1642,83,18,95.678253,INSULATED
297,5,1,35,1,7,7,1722,1642,59,16,25.393631,cor
298,5,1,35,1,7,8,1846,1641,38,15,70.418259,NOTE
299,5,1,35,1,7,9,1896,1641,17,15,88.592438,17
300,5,1,35,1,7,10,2415,1645,3,11,82.874657,7
301,4,1,35,1,8,0,958,1654,1464,23,-1,
302,5,1,35,1,8,1,958,1656,71,16,37.605549,INJECTION
303,5,1,35,1,8,2,1038,1656,46,15,85.172745,DETAL
304,5,1,35,1,8,3,1094,1654,18,20,74.784012,42
305,5,1,35,1,8,4,1223,1658,70,15,0.000000,BWECTION
306,5,1,35,1,8,5,1303,1659,45,15,89.174309,DETAL
307,5,1,35,1,8,6,1358,1656,18,21,78.967010,42
308,5,1,35,1,8,7,2405,1657,17,16,31.153114,=
309,4,1,35,1,9,0,1465,1675,557,19,-1,
310,5,1,35,1,9,1,1465,1678,22,16,46.210533,NO
311,5,1,35,1,9,2,1498,1678,89,16,46.210533,INSULATION
312,5,1,35,1,9,3,1894,1675,128,16,0.000000,6*-M-D1-2108
313,4,1,35,1,10,0,1802,1696,43,22,-1,
314,5,1,35,1,10,1,1802,1696,43,22,0.000000,"\4""er"
315,4,1,35,1,11,0,830,1762,68,16,-1,
316,5,1,35,1,11,1,830,1762,39,16,89.728371,NOTE
317,5,1,35,1,11,2,881,1763,17,15,89.728371,14
318,4,1,35,1,12,0,852,1797,16,17,-1,
319,5,1,35,1,12,1,852,1797,16,17,66.963058,PI
320,4,1,35,1,13,0,825,1828,293,35,-1,
321,5,1,35,1,13,1,825,1828,62,16,84.117081,4104—
322,5,1,35,1,13,2,1090,1846,28,17,43.050846,a
323,4,1,35,1,14,0,876,1861,471,33,-1,
324,5,1,35,1,14,1,876,1867,66,17,20.713249,20620
325,5,1,35,1,14,2,1068,1877,63,17,0.000000,‘04
326,5,1,35,1,14,3,1279,1861,39,16,35.146431,TE
327,5,1,35,1,14,4,1329,1861,18,15,30.965454,ee
328,4,1,35,1,15,0,870,1887,258,27,-1,
329,5,1,35,1,15,1,870,1887,75,27,26.598473,‘M11237
330,5,1,35,1,15,2,1080,1894,48,11,31.083389,—
331,4,1,35,1,16,0,341,1894,974,41,-1,
332,5,1,35,1,16,1,341,1894,130,41,0.000000,"6""-WH-FI-2104"
333,5,1,35,1,16,2,1050,1902,30,31,25.981331,SY
334,5,1,35,1,16,3,1086,1916,39,15,67.560005,wore
335,5,1,35,1,16,4,1135,1917,17,14,91.743187,21
336,5,1,35,1,16,5,1299,1904,16,17,61.380825,PI
337,4,1,35,1,17,0,182,1915,1149,44,-1,
338,5,1,35,1,17,1,178,1911,61,52,17.213051,[or
339,5,1,35,1,17,2,251,1911,36,52,17.213051,0020
340,5,1,35,1,17,3,346,1943,131,16,33.438759,ree
341,5,1,35,1,17,4,645,1926,111,20,40.448078,tpt
342,5,1,35,1,17,5,1290,1935,41,17,35.325333,04>
343,4,1,35,1,18,0,345,1951,468,28,-1,
344,5,1,35,1,18,1,345,1963,41,16,93.815842,INLET
345,5,1,35,1,18,2,398,1963,68,16,61.152027,PIPELINE
346,5,1,35,1,18,3,597,1951,89,19,0.000000,"6've502,NC"
347,5,1,35,1,18,4,694,1947,15,33,66.896652,|
348,5,1,35,1,18,5,723,1951,90,20,20.298630,"6°VB602,NC"
349,4,1,35,1,19,0,596,1964,916,40,-1,
350,5,1,35,1,19,1,596,1976,67,15,25.559464,vBii234
351,5,1,35,1,19,2,695,1960,14,40,15.731064,}Y
352,5,1,35,1,19,3,721,1974,68,16,0.000000,val1236
353,5,1,35,1,19,4,913,1986,16,17,34.714439,Pra
354,5,1,35,1,19,5,990,1986,17,17,23.760422,Wen
355,5,1,35,1,19,6,1222,1964,65,40,0.000000,2°vu320
356,5,1,35,1,19,7,1446,1978,66,17,0.000000,2320
357,4,1,35,1,20,0,1221,2000,294,18,-1,
358,5,1,35,1,20,1,1221,2000,27,16,0.000000,vu
359,5,1,35,1,20,2,1254,2001,36,15,11.139221,i238
360,5,1,35,1,20,3,1444,2002,71,16,0.000000,vuit239
361,4,1,35,1,21,0,663,2012,984,38,-1,
362,5,1,35,1,21,1,663,2012,81,38,0.000000,3/4V0681
363,5,1,35,1,21,2,1518,2020,129,18,45.139713,"6""-Wi-D1-2105"
364,4,1,35,1,22,0,662,2050,655,24,-1,
365,5,1,35,1,22,1,662,2050,68,16,68.775635,¥B11235
366,5,1,35,1,22,2,1259,2058,37,15,86.683281,NOTE
367,5,1,35,1,22,3,1308,2059,9,15,96.408905,6
368,4,1,35,1,23,0,1272,2096,101,19,-1,
369,5,1,35,1,23,1,1272,2096,101,19,0.000000,"2°vB300,0SC"
370,4,1,35,1,24,0,1170,2116,170,33,-1,
371,5,1,35,1,24,1,1170,2130,16,19,85.812523,=
372,5,1,35,1,24,2,1272,2116,68,16,22.257172,va11232
373,4,1,35,1,25,0,1275,2145,65,17,-1,
374,5,1,35,1,25,1,1275,2145,65,17,0.000000,2°va300
375,4,1,35,1,26,0,847,2155,31,16,-1,
376,5,1,35,1,26,1,847,2155,31,16,26.025070,3x4
377,4,1,35,1,27,0,833,2155,697,52,-1,
378,5,1,35,1,27,1,833,2179,52,16,49.493633,se
379,5,1,35,1,27,2,1170,2201,15,4,88.762978,=
380,5,1,35,1,27,3,1274,2155,68,40,9.141602,811233
381,5,1,35,1,27,4,1515,2186,15,21,85.585815,‘
382,4,1,35,1,28,0,818,2204,712,22,-1,
383,5,1,35,1,28,1,818,2204,36,17,93.678436,92.5
384,5,1,35,1,28,2,864,2204,36,20,84.528191,Borg
385,5,1,35,1,28,3,1171,2208,15,11,78.351593,=
386,5,1,35,1,28,4,1515,2210,15,16,58.267651,5
387,4,1,35,1,29,0,805,2227,725,20,-1,
388,5,1,35,1,29,1,805,2227,28,18,55.279228,“cv
389,5,1,35,1,29,2,843,2227,125,18,0.000000,"FALURE""/PSV"
390,5,1,35,1,29,3,1515,2227,15,20,0.000000,z
391,4,1,35,1,30,0,912,2250,618,50,-1,
392,5,1,35,1,30,1,912,2257,63,17,16.877930,104-1
393,5,1,35,1,30,2,1008,2270,18,16,43.574310,A]
394,5,1,35,1,30,3,1059,2271,19,17,45.682419,oy
395,5,1,35,1,30,4,1170,2254,16,21,86.921707,Q
396,5,1,35,1,30,5,1514,2250,16,50,4.333389,z
397,4,1,35,1,31,0,1513,2301,16,17,-1,
398,5,1,35,1,31,1,1513,2301,16,17,47.322151,A
399,4,1,35,1,32,0,346,2312,706,58,-1,
400,5,1,35,1,32,1,346,2312,133,40,0.000000,B°-WS-A2-2204
401,5,1,35,1,32,2,559,2328,40,17,91.192192,NOTE
402,5,1,35,1,32,3,609,2329,20,16,60.801529,23
403,5,1,35,1,32,4,648,2314,14,40,19.309280,_
404,5,1,35,1,32,5,667,2326,129,18,19.309280,B°-WS-A1-2201
405,5,1,35,1,32,6,1024,2319,28,51,73.820343,4
406,4,1,35,1,33,0,282,2341,21,16,-1,
407,5,1,35,1,33,1,282,2341,21,16,71.960960,AR
408,4,1,35,1,34,0,217,2341,167,33,-1,
409,5,1,35,1,34,1,217,2341,98,18,59.782974,OVERBOARD
410,5,1,35,1,34,2,345,2358,39,16,60.009094,=
411,4,1,35,1,35,0,981,2395,66,18,-1,
412,5,1,35,1,35,1,981,2395,66,18,0.000000,es
413,5,1,35,1,35,2,1032,2391,18,30,37.155540,D
414,4,1,35,1,36,0,441,2450,71,17,-1,
415,5,1,35,1,36,1,441,2450,40,16,95.143600,NOTE
416,5,1,35,1,36,2,492,2451,20,16,95.143600,24
417,4,1,35,1,37,0,1093,2465,419,32,-1,
418,5,1,35,1,37,1,1093,2465,15,32,34.643173,54
419,5,1,35,1,37,2,1378,2472,134,17,44.984283,2°-D0-A8-5740
420,4,1,35,1,38,0,1092,2492,12,9,-1,
421,5,1,35,1,38,1,1092,2492,12,9,84.367508,R
422,4,1,35,1,39,0,1059,2523,84,21,-1,
423,5,1,35,1,39,1,1059,2523,84,21,0.022537,3/4vB681
424,4,1,35,1,40,0,1059,2547,69,16,-1,
425,5,1,35,1,40,1,1059,2547,69,16,45.950222,vai1235
426,2,1,36,0,0,0,184,2578,112,25,-1,
427,3,1,36,1,0,0,184,2578,112,25,-1,
428,4,1,36,1,1,0,184,2578,112,25,-1,
429,5,1,36,1,1,1,184,2578,86,25,92.221924,NOTES
430,5,1,36,1,1,2,291,2584,5,15,90.135513,:
431,2,1,37,0,0,0,176,2622,1100,657,-1,
432,3,1,37,1,0,0,180,2622,832,250,-1,
433,4,1,37,1,1,0,190,2622,706,18,-1,
434,5,1,37,1,1,1,190,2623,13,15,80.068451,1.
435,5,1,37,1,1,2,214,2623,44,15,78.558823,DOGR
436,5,1,37,1,1,3,268,2623,20,15,96.237419,TO
437,5,1,37,1,1,4,299,2622,39,17,96.352028,HAVE
438,5,1,37,1,1,5,349,2623,47,16,96.947151,QUICK
439,5,1,37,1,1,6,407,2623,69,16,96.320702,OPENING
440,5,1,37,1,1,7,487,2623,41,16,97.003891,BAND
441,5,1,37,1,1,8,540,2624,40,15,96.965561,LOCK
442,5,1,37,1,1,9,591,2623,71,16,96.998840,CLOSURE
443,5,1,37,1,1,10,673,2624,35,15,95.184700,WITH
444,5,1,37,1,1,11,719,2624,82,16,93.154121,PRESSURE
445,5,1,37,1,1,12,812,2624,84,16,92.441650,INTERLOCK
446,4,1,37,1,2,0,189,2648,639,18,-1,
447,5,1,37,1,2,1,189,2648,13,16,94.418694,2.
448,5,1,37,1,2,2,214,2648,32,16,96.702560,LOW
449,5,1,37,1,2,3,258,2649,50,15,96.860542,RANGE
450,5,1,37,1,2,4,320,2649,81,16,96.534569,PRESSURE
451,5,1,37,1,2,5,412,2649,52,16,96.575188,GAUGE
452,5,1,37,1,2,6,474,2649,20,16,66.509232,TO
453,5,1,37,1,2,7,505,2649,20,16,96.428383,BE
454,5,1,37,1,2,8,535,2649,57,16,91.987152,VISIBLE
455,5,1,37,1,2,9,603,2650,42,15,96.895851,FROM
456,5,1,37,1,2,10,657,2650,24,15,55.435825,PIG
457,5,1,37,1,2,11,693,2649,81,17,96.485245,LAUNCHER
458,5,1,37,1,2,12,784,2650,44,16,96.637833,DOOR
459,4,1,37,1,3,0,188,2673,645,18,-1,
460,5,1,37,1,3,1,188,2673,15,16,92.269432,3.
461,5,1,37,1,3,2,214,2674,37,15,95.513916,HIGH
462,5,1,37,1,3,3,262,2674,52,16,94.921303,RANGE
463,5,1,37,1,3,4,325,2674,81,16,96.869751,PRESSURE
464,5,1,37,1,3,5,418,2674,50,16,92.195076,GAUGE
465,5,1,37,1,3,6,480,2674,19,17,96.167374,TO
466,5,1,37,1,3,7,510,2674,20,16,96.652718,BE
467,5,1,37,1,3,8,540,2675,57,15,46.680313,VISIBLE
468,5,1,37,1,3,9,608,2675,42,15,92.984070,FROM
469,5,1,37,1,3,10,661,2675,25,15,86.323776,PiG
470,5,1,37,1,3,11,697,2675,81,16,96.295700,LAUNCHER
471,5,1,37,1,3,12,790,2676,43,15,96.295700,DOOR
472,4,1,37,1,4,0,188,2700,324,16,-1,
473,5,1,37,1,4,1,188,2700,14,14,89.066391,4.
474,5,1,37,1,4,2,214,2700,33,15,96.692528,NON
475,5,1,37,1,4,3,259,2700,77,16,95.678917,INTRUSIVE
476,5,1,37,1,4,4,348,2700,36,16,96.820488,TYPE
477,5,1,37,1,4,5,396,2700,24,16,86.867447,PIG
478,5,1,37,1,4,6,432,2700,80,16,95.657150,INDICATOR
479,4,1,37,1,5,0,188,2725,167,16,-1,
480,5,1,37,1,5,1,188,2725,14,15,91.598122,5.
481,5,1,37,1,5,2,214,2725,74,16,89.651779,PIGGABLE
482,5,1,37,1,5,3,309,2725,46,16,83.520432,VALVE
483,4,1,37,1,6,0,188,2751,670,17,-1,
484,5,1,37,1,6,1,188,2751,14,15,80.811111,6.
485,5,1,37,1,6,2,213,2751,20,15,96.201157,TO
486,5,1,37,1,6,3,244,2751,20,16,96.201157,BE
487,5,1,37,1,6,4,275,2751,68,16,96.717285,LOCATED
488,5,1,37,1,6,5,352,2751,19,16,96.993439,AT
489,5,1,37,1,6,6,382,2751,32,16,96.551613,LOW
490,5,1,37,1,6,7,424,2751,49,16,95.236076,POINT.
491,5,1,37,1,6,8,486,2752,51,15,78.846100,PIPING
492,5,1,37,1,6,9,546,2752,21,15,96.538857,TO
493,5,1,37,1,6,10,579,2752,19,16,96.111763,BE
494,5,1,37,1,6,11,608,2752,38,16,96.111763,SELF
495,5,1,37,1,6,12,657,2752,70,16,85.761749,DRAINING
496,5,1,37,1,6,13,737,2753,20,15,94.165230,TO
497,5,1,37,1,6,14,766,2753,34,15,96.913773,THIS
498,5,1,37,1,6,15,812,2752,46,16,96.488403,POINT
499,4,1,37,1,7,0,188,2776,824,18,-1,
500,5,1,37,1,7,1,188,2777,14,14,95.220757,7.
501,5,1,37,1,7,2,213,2776,39,16,96.350380,VENT
502,5,1,37,1,7,3,262,2777,109,15,96.350380,CONNECTIONS
503,5,1,37,1,7,4,382,2777,20,15,96.318069,TO
504,5,1,37,1,7,5,413,2777,19,15,96.858116,BE
505,5,1,37,1,7,6,442,2777,19,15,96.719185,AT
506,5,1,37,1,7,7,472,2778,41,14,96.657883,BOTH
507,5,1,37,1,7,8,525,2778,39,15,96.976067,ENDS
508,5,1,37,1,7,9,576,2778,21,14,96.484985,OF
509,5,1,37,1,7,10,607,2778,81,15,96.938637,LAUNCHER
510,5,1,37,1,7,11,698,2778,20,15,93.268364,TO
511,5,1,37,1,7,12,729,2778,103,16,91.701630,DEPRESSURE
512,5,1,37,1,7,13,842,2778,41,16,96.411400,BOTH
513,5,1,37,1,7,14,894,2778,45,16,96.519623,SIDES
514,5,1,37,1,7,15,950,2778,21,16,96.761375,OF
515,5,1,37,1,7,16,982,2778,30,16,45.055351,PIG.
516,4,1,37,1,8,0,187,2802,97,16,-1,
517,5,1,37,1,8,1,187,2802,14,16,47.802559,8.
518,5,1,37,1,8,2,214,2802,70,16,90.769318,DELETED.
519,4,1,37,1,9,0,187,2827,637,18,-1,
520,5,1,37,1,9,1,187,2827,15,16,90.419258,9.
521,5,1,37,1,9,2,214,2827,30,16,96.490021,PSV
522,5,1,37,1,9,3,253,2827,59,16,0.000000,OUTLET
523,5,1,37,1,9,4,322,2828,51,15,86.250458,PiPING
524,5,1,37,1,9,5,383,2828,20,15,88.136353,TO
525,5,1,37,1,9,6,414,2829,18,15,95.833061,BE
526,5,1,37,1,9,7,445,2829,38,15,96.225891,HEAT
527,5,1,37,1,9,8,493,2829,59,16,96.761864,TRACED
528,5,1,37,1,9,9,563,2829,31,16,96.655495,AND
529,5,1,37,1,9,10,606,2829,81,16,96.844383,INSULATED
530,5,1,37,1,9,11,697,2829,20,16,96.517212,TO
531,5,1,37,1,9,12,727,2828,37,17,96.126465,HIGH
532,5,1,37,1,9,13,775,2829,49,16,96.176010,POINT.
533,4,1,37,1,10,0,180,2853,462,19,-1,
534,5,1,37,1,10,1,180,2853,22,16,91.516914,10.
535,5,1,37,1,10,2,214,2853,31,16,96.457642,FOR
536,5,1,37,1,10,3,256,2853,86,16,96.705132,INSTALLING
537,5,1,37,1,10,4,352,2853,91,17,96.485847,CORROSION
538,5,1,37,1,10,5,454,2854,58,18,96.904930,"PROBE,"
539,5,1,37,1,10,6,524,2854,38,16,96.757820,FREE
540,5,1,37,1,10,7,572,2854,40,16,96.483810,AREA
541,5,1,37,1,10,8,622,2855,20,15,96.624039,OF
542,3,1,37,2,0,0,210,2878,426,18,-1,
543,4,1,37,2,1,0,210,2878,426,18,-1,
544,5,1,37,2,1,1,210,2879,23,15,78.016914,1.0
545,5,1,37,2,1,2,245,2879,11,15,78.016914,M
546,5,1,37,2,1,3,267,2878,74,17,95.466705,DIAMETER
547,5,1,37,2,1,4,352,2880,20,15,96.893860,BY
548,5,1,37,2,1,5,383,2879,25,16,92.453262,2.0
549,5,1,37,2,1,6,419,2880,12,14,82.093475,M
550,5,1,37,2,1,7,441,2880,50,16,96.075447,ABOVE
551,5,1,37,2,1,8,503,2880,34,16,61.725952,PIPE
552,5,1,37,2,1,9,547,2880,31,16,96.376076,TOP
553,5,1,37,2,1,10,589,2880,47,16,96.652313,SHALL
554,3,1,37,3,0,0,176,2904,1100,375,-1,
555,4,1,37,3,1,0,208,2904,112,17,-1,
556,5,1,37,3,1,1,208,2904,20,16,95.290009,BE
557,5,1,37,3,1,2,239,2904,81,17,89.113785,PROVIDED.
558,4,1,37,3,2,0,179,2929,730,18,-1,
559,5,1,37,3,2,1,179,2930,22,15,76.105179,11.
560,5,1,37,3,2,2,214,2930,50,15,96.284340,PIPING
561,5,1,37,3,2,3,274,2929,20,16,92.543259,TO
562,5,1,37,3,2,4,307,2930,64,16,95.422401,PROVIDE
563,5,1,37,3,2,5,382,2931,21,15,96.057884,3D
564,5,1,37,3,2,6,414,2931,52,16,54.568729,BENDS
565,5,1,37,3,2,7,478,2931,42,15,96.595268,FROM
566,5,1,37,3,2,8,531,2931,57,16,87.075623,OUTLET
567,5,1,37,3,2,9,598,2931,21,16,96.763741,OF
568,5,1,37,3,2,10,630,2931,24,16,93.105431,PIG
569,5,1,37,3,2,11,665,2931,81,16,96.147476,LAUNCHER
570,5,1,37,3,2,12,756,2931,20,16,93.883179,TO
571,5,1,37,3,2,13,786,2931,30,16,96.873924,TOP
572,5,1,37,3,2,14,828,2932,20,15,96.946541,OF
573,5,1,37,3,2,15,859,2931,50,16,75.650070,"RISER,"
574,4,1,37,3,3,0,179,2955,468,17,-1,
575,5,1,37,3,3,1,179,2955,22,16,94.241783,12.
576,5,1,37,3,3,2,214,2955,90,16,96.933426,REMOVABLE
577,5,1,37,3,3,3,315,2955,52,17,96.165840,SPOOL
578,5,1,37,3,3,4,378,2956,30,16,96.939011,FOR
579,5,1,37,3,3,5,420,2956,67,16,88.562325,POSITIVE
580,5,1,37,3,3,6,496,2956,60,16,96.521133,VESSEL
581,5,1,37,3,3,7,566,2956,81,16,92.882378,ISOLATION.
582,4,1,37,3,4,0,179,2980,105,16,-1,
583,5,1,37,3,4,1,179,2981,22,15,84.497780,13.
584,5,1,37,3,4,2,213,2980,71,16,71.140182,DELETED.
585,4,1,37,3,5,0,179,3006,343,17,-1,
586,5,1,37,3,5,1,179,3006,22,16,85.712296,14.
587,5,1,37,3,5,2,213,3006,14,16,85.013168,Pi
588,5,1,37,3,5,3,237,3006,21,16,88.353844,TO
589,5,1,37,3,5,4,269,3006,19,16,96.772652,BE
590,5,1,37,3,5,5,299,3006,57,17,90.595673,VISIBLE
591,5,1,37,3,5,6,367,3007,43,16,92.722084,FROM
592,5,1,37,3,5,7,421,3007,101,16,43.532005,HY-4104—1.
593,4,1,37,3,6,0,178,3031,614,18,-1,
594,5,1,37,3,6,1,178,3031,23,16,76.309441,15.
595,5,1,37,3,6,2,213,3031,56,17,96.594688,DESIGN
596,5,1,37,3,6,3,280,3032,83,16,96.648743,PRESSURE
597,5,1,37,3,6,4,373,3033,31,15,95.922318,AND
598,5,1,37,3,6,5,416,3032,55,16,89.153122,DESIGN
599,5,1,37,3,6,6,482,3033,111,16,96.566544,TEMPERATURE
600,5,1,37,3,6,7,603,3033,29,16,96.268005,ARE
601,5,1,37,3,6,8,643,3033,30,16,93.242645,NOT
602,5,1,37,3,6,9,684,3033,108,16,48.499847,CO-INCIDENT.
603,4,1,37,3,7,0,179,3057,105,16,-1,
604,5,1,37,3,7,1,179,3057,21,16,89.541389,16.
605,5,1,37,3,7,2,213,3057,71,16,90.450233,DELETED.
606,4,1,37,3,8,0,178,3083,702,17,-1,
607,5,1,37,3,8,1,178,3083,23,15,89.983788,17.
608,5,1,37,3,8,2,213,3083,51,15,96.248489,SPOOL
609,5,1,37,3,8,3,276,3083,18,16,92.747581,10
610,5,1,37,3,8,4,306,3083,19,15,95.736763,BE
611,5,1,37,3,8,5,337,3083,41,16,96.952812,USED
612,5,1,37,3,8,6,388,3084,41,15,96.846375,ONLY
613,5,1,37,3,8,7,440,3084,58,16,95.806633,DURING
614,5,1,37,3,8,8,510,3084,75,16,96.945419,FLUSHING
615,5,1,37,3,8,9,596,3084,68,16,95.199539,PIPELINE
616,5,1,37,3,8,10,674,3084,35,16,49.462502,WITH
617,5,1,37,3,8,11,720,3084,66,16,96.360519,TREATED
618,5,1,37,3,8,12,797,3084,83,16,80.507355,"SEAWATER,"
619,4,1,37,3,9,0,178,3108,429,17,-1,
620,5,1,37,3,9,1,178,3108,22,15,87.833656,18.
621,5,1,37,3,9,2,213,3108,66,16,96.648438,PROVIDE
622,5,1,37,3,9,3,289,3108,82,16,95.831161,PROVISION
623,5,1,37,3,9,4,382,3108,31,16,96.443436,FOR
624,5,1,37,3,9,5,424,3109,61,16,96.113380,PARTIAL
625,5,1,37,3,9,6,495,3109,62,16,96.890160,STROKE
626,5,1,37,3,9,7,565,3109,42,16,95.876740,TEST.
627,4,1,37,3,10,0,178,3134,105,15,-1,
628,5,1,37,3,10,1,178,3134,22,15,83.437828,19.
629,5,1,37,3,10,2,213,3134,70,15,92.008705,DELETED.
630,4,1,37,3,11,0,176,3159,107,16,-1,
631,5,1,37,3,11,1,176,3159,24,16,92.934090,"20,"
632,5,1,37,3,11,2,213,3159,70,16,87.679779,DELETED.
633,4,1,37,3,12,0,176,3185,500,17,-1,
634,5,1,37,3,12,1,176,3185,24,15,93.642487,"21,"
635,5,1,37,3,12,2,211,3185,47,15,96.322411,VALVE
636,5,1,37,3,12,3,268,3185,20,15,96.625244,TO
637,5,1,37,3,12,4,299,3185,39,15,93.106529,HAVE
638,5,1,37,3,12,5,349,3185,104,16,86.800636,MULTI-STAGE
639,5,1,37,3,12,6,463,3186,36,14,93.692581,TRIM
640,5,1,37,3,12,7,510,3186,32,16,91.973770,DUE
641,5,1,37,3,12,8,552,3186,20,16,95.019981,TO
642,5,1,37,3,12,9,583,3186,47,16,95.019981,LARGE
643,5,1,37,3,12,10,641,3186,10,16,92.022934,A
644,5,1,37,3,12,11,661,3186,15,16,85.696075,P.
645,4,1,37,3,13,0,176,3210,107,16,-1,
646,5,1,37,3,13,1,176,3210,24,16,71.915123,"22,"
647,5,1,37,3,13,2,212,3210,71,16,87.223465,DELETED.
648,4,1,37,3,14,0,176,3235,772,18,-1,
649,5,1,37,3,14,1,176,3235,24,16,86.656090,"23,"
650,5,1,37,3,14,2,212,3235,51,16,96.070168,PIPING
651,5,1,37,3,14,3,273,3236,20,16,73.732933,TO
652,5,1,37,3,14,4,305,3235,65,16,95.416519,PROVIDE
653,5,1,37,3,14,5,380,3236,80,16,96.712326,ADEQUATE
654,5,1,37,3,14,6,470,3237,100,16,96.394897,STRUCTURAL
655,5,1,37,3,14,7,580,3237,72,16,96.924568,SUPPORT
656,5,1,37,3,14,8,661,3237,20,16,96.485687,TO
657,5,1,37,3,14,9,692,3237,69,16,96.485687,PREVENT
658,5,1,37,3,14,10,772,3237,83,16,96.842537,EXCESSIVE
659,5,1,37,3,14,11,865,3237,83,16,85.828217,VIBRATION.
660,4,1,37,3,15,0,176,3261,1100,18,-1,
661,5,1,37,3,15,1,176,3261,24,15,77.943329,"24,"
662,5,1,37,3,15,2,211,3261,19,16,85.408638,A2
663,5,1,37,3,15,3,242,3261,51,16,96.532074,PIPING
664,5,1,37,3,15,4,305,3261,30,16,96.943283,HAS
665,5,1,37,3,15,5,346,3261,40,16,96.502014,BEEN
666,5,1,37,3,15,6,397,3261,66,16,61.359554,UTILIZED
667,5,1,37,3,15,7,475,3262,71,16,96.175621,BECAUSE
668,5,1,37,3,15,8,557,3263,12,14,90.541458,IT
669,5,1,37,3,15,9,579,3262,76,16,96.785606,PROVIDES
670,5,1,37,3,15,10,666,3262,87,16,96.497459,SUFFICIENT
671,5,1,37,3,15,11,762,3263,40,15,96.238289,WALL
672,5,1,37,3,15,12,812,3262,86,16,96.238289,THICKNESS
673,5,1,37,3,15,13,909,3263,20,15,96.870461,TO
674,5,1,37,3,15,14,940,3262,66,16,96.413193,INCLUDE
675,5,1,37,3,15,15,1018,3263,9,15,93.686241,6
676,5,1,37,3,15,16,1038,3267,30,11,96.222519,mm
677,5,1,37,3,15,17,1080,3262,91,17,96.617355,CORROSION
678,5,1,37,3,15,18,1182,3263,94,16,94.720245,ALLOWANCE.
679,2,1,38,0,0,0,515,3415,505,6,-1,
680,3,1,38,1,0,0,515,3415,505,6,-1,
681,4,1,38,1,1,0,515,3415,505,6,-1,
682,5,1,38,1,1,1,515,3415,505,6,95.000000, 
683,2,1,39,0,0,0,1305,1454,1164,88,-1,
684,3,1,39,1,0,0,1305,1454,1164,88,-1,
685,4,1,39,1,1,0,1305,1454,1164,88,-1,
686,5,1,39,1,1,1,1305,1454,1164,88,95.000000,   
687,2,1,40,0,0,0,1564,1587,158,126,-1,
688,3,1,40,1,0,0,1564,1587,158,126,-1,
689,4,1,40,1,1,0,1592,1587,130,23,-1,
690,5,1,40,1,1,1,1592,1587,130,23,95.000000, 
691,4,1,40,1,2,0,1564,1610,142,103,-1,
692,5,1,40,1,2,1,1564,1610,142,103,95.000000,   
693,2,1,41,0,0,0,1553,3233,222,95,-1,
694,3,1,41,1,0,0,1553,3233,222,95,-1,
695,4,1,41,1,1,0,1553,3233,222,95,-1,
696,5,1,41,1,1,1,1553,3233,222,95,95.000000, 
697,2,1,42,0,0,0,1921,314,183,28,-1,
698,3,1,42,1,0,0,1921,314,183,28,-1,
699,4,1,42,1,1,0,1921,314,183,28,-1,
700,5,1,42,1,1,1,1921,314,183,28,10.957375,KAH-2920
701,2,1,43,0,0,0,1626,376,901,341,-1,
702,3,1,43,1,0,0,1785,376,712,26,-1,
703,4,1,43,1,1,0,1785,376,712,26,-1,
704,5,1,43,1,1,1,1785,382,43,15,93.437057,SIZE:
705,5,1,43,1,1,2,1843,382,49,16,93.019264,621.8
706,5,1,43,1,1,3,1904,380,74,22,32.211639,mm/711
707,5,1,43,1,1,4,1991,387,33,11,94.833313,mm
708,5,1,43,1,1,5,2037,383,24,15,94.158470,OD
709,5,1,43,1,1,6,2073,388,10,10,94.158470,x
710,5,1,43,1,1,7,2094,382,45,16,81.601044,3300
711,5,1,43,1,1,8,2150,388,33,10,93.206017,mm
712,5,1,43,1,1,9,2196,383,34,15,66.480621,AOL
713,5,1,43,1,1,10,2431,376,38,16,42.715462,VENT
714,5,1,43,1,1,11,2478,376,19,16,42.715462,TO
715,3,1,43,2,0,0,1832,392,690,48,-1,
716,4,1,43,2,1,0,1832,392,690,48,-1,
717,5,1,43,2,1,1,1832,402,68,17,48.264278,DESIGN:
718,5,1,43,2,1,2,1905,403,39,16,48.264278,92.5
719,5,1,43,2,1,3,1956,403,40,20,87.090622,Barg
720,5,1,43,2,1,4,2008,403,16,16,63.144100,©
721,5,1,43,2,1,5,2034,403,48,16,94.990738,135°C
722,5,1,43,2,1,6,2093,401,55,22,96.619637,(NOTE
723,5,1,43,2,1,7,2159,401,27,22,95.894096,15)
724,5,1,43,2,1,8,2397,392,60,48,32.076477,Shi
725,5,1,43,2,1,9,2493,397,29,35,18.639519,oe
726,3,1,43,3,0,0,1630,402,897,133,-1,
727,4,1,43,3,1,0,1645,402,882,76,-1,
728,5,1,43,3,1,1,1645,402,70,76,58.736580,peal
729,5,1,43,3,1,2,1856,424,123,35,27.770866,a
730,5,1,43,3,1,3,2401,437,126,31,24.563812,oe
731,4,1,43,3,2,0,1626,462,844,73,-1,
732,5,1,43,3,2,1,1626,474,57,41,96.801064,PURGE
733,5,1,43,3,2,2,2465,462,5,73,70.705856,|
734,3,1,43,4,0,0,1630,511,724,81,-1,
735,4,1,43,4,1,0,1675,511,9,15,-1,
736,5,1,43,4,1,1,1675,511,9,15,27.761131,rE
737,4,1,43,4,2,0,1630,511,432,32,-1,
738,5,1,43,4,2,1,1630,511,99,16,3.189178,COECTON
739,5,1,43,4,2,2,1934,526,128,17,7.898224,17-N-D1-6300
740,4,1,43,4,3,0,1716,547,638,45,-1,
741,5,1,43,4,3,1,1716,571,39,21,20.522797,ge
742,5,1,43,4,3,2,1831,563,60,17,21.741158,(nah
743,5,1,43,4,3,3,2140,547,73,41,41.621765,"1""¥B470"
744,5,1,43,4,3,4,2280,560,74,19,38.309532,"1""vB470"
745,3,1,43,5,0,0,2143,566,320,151,-1,
746,4,1,43,5,1,0,2143,566,320,49,-1,
747,5,1,43,5,1,1,2143,567,73,42,0.000000,811209
748,5,1,43,5,1,2,2277,566,72,41,0.000000,veti2i1
749,5,1,43,5,1,3,2448,586,15,29,71.037689,3
750,4,1,43,5,2,0,2448,616,13,9,-1,
751,5,1,43,5,2,1,2448,616,13,9,35.157639,Bs
752,4,1,43,5,3,0,2207,621,255,34,-1,
753,5,1,43,5,3,1,2207,621,97,34,0.480789,3/4°VB481
754,5,1,43,5,3,2,2448,627,14,20,35.134514,pu
755,4,1,43,5,4,0,2221,638,241,36,-1,
756,5,1,43,5,4,1,2221,638,71,36,59.910259,vB11210
757,5,1,43,5,4,2,2448,648,14,22,61.281670,t
758,4,1,43,5,5,0,2448,670,14,11,-1,
759,5,1,43,5,5,1,2448,670,14,11,47.366901,Fi
760,4,1,43,5,6,0,2445,679,17,28,-1,
761,5,1,43,5,6,1,2445,679,17,28,20.030594,Bi
762,4,1,43,5,7,0,2448,709,15,8,-1,
763,5,1,43,5,7,1,2448,709,15,8,41.487427,“A
764,2,1,44,0,0,0,2078,847,17,176,-1,
765,3,1,44,1,0,0,2078,847,17,176,-1,
766,4,1,44,1,1,0,2078,847,17,176,-1,
767,5,1,44,1,1,1,2078,847,17,176,36.337032,"8""~PF-D1—1060-2H1"
768,2,1,45,0,0,0,2087,1039,86,9,-1,
769,3,1,45,1,0,0,2087,1039,86,9,-1,
770,4,1,45,1,1,0,2087,1039,86,9,-1,
771,5,1,45,1,1,1,2087,1039,86,9,95.000000, 
772,2,1,46,0,0,0,2679,446,285,72,-1,
773,3,1,46,1,0,0,2679,446,285,72,-1,
774,4,1,46,1,1,0,2679,446,285,21,-1,
775,5,1,46,1,1,1,2679,446,285,21,95.000000,  
776,4,1,46,1,2,0,2679,467,198,25,-1,
777,5,1,46,1,2,1,2679,467,198,25,95.000000, 
778,4,1,46,1,3,0,2679,492,198,26,-1,
779,5,1,46,1,3,1,2679,492,198,26,95.000000, 
780,2,1,47,0,0,0,2624,325,382,149,-1,
781,3,1,47,1,0,0,2624,325,382,149,-1,
782,4,1,47,1,1,0,2704,325,191,20,-1,
783,5,1,47,1,1,1,2704,325,27,15,87.461433,102
784,5,1,47,1,1,2,2816,328,18,17,61.618999,o1
785,5,1,47,1,1,3,2877,328,18,16,83.042038,M
786,4,1,47,1,2,0,2624,347,129,16,-1,
787,5,1,47,1,2,1,2624,347,28,16,96.300522,SET
788,5,1,47,1,2,2,2661,347,12,15,96.300522,©
789,5,1,47,1,2,3,2684,347,34,16,83.245483,92.5
790,5,1,47,1,2,4,2729,347,24,16,95.178551,Bor
791,4,1,47,1,3,0,2725,365,81,19,-1,
792,5,1,47,1,3,1,2725,368,8,16,18.932121,e”
793,5,1,47,1,3,2,2766,365,40,16,4.913895,(PSV
794,4,1,47,1,4,0,2754,387,248,35,-1,
795,5,1,47,1,4,1,2754,387,62,35,94.139580,2920-3
796,5,1,47,1,4,2,2889,396,113,17,59.217712,"2°VB101,FB,LO"
797,4,1,47,1,5,0,2759,394,226,46,-1,
798,5,1,47,1,5,1,2759,407,50,33,23.703194,cece
799,5,1,47,1,5,2,2904,394,81,46,0.000000,Yerizies
800,4,1,47,1,6,0,2918,434,75,20,-1,
801,5,1,47,1,6,1,2918,434,75,20,0.000000,Cod-)
802,4,1,47,1,7,0,2964,457,42,17,-1,
803,5,1,47,1,7,1,2964,457,42,17,58.225601,"3x2"""
804,2,1,48,0,0,0,2914,485,84,42,-1,
805,3,1,48,1,0,0,2914,485,84,42,-1,
806,4,1,48,1,1,0,2915,485,83,22,-1,
807,5,1,48,1,1,1,2915,485,83,22,31.713280,3/4°VB481
808,4,1,48,1,2,0,2914,511,68,16,-1,
809,5,1,48,1,2,1,2914,511,68,16,2.491676,vai1214
810,2,1,49,0,0,0,2679,739,285,60,-1,
811,3,1,49,1,0,0,2679,739,285,60,-1,
812,4,1,49,1,1,0,2878,739,65,17,-1,
813,5,1,49,1,1,1,2878,739,65,17,50.599113,2°VO300
814,4,1,49,1,2,0,2877,758,69,15,-1,
815,5,1,49,1,2,1,2877,758,69,15,40.013470,VO11218
816,4,1,49,1,3,0,2679,778,285,21,-1,
817,5,1,49,1,3,1,2679,778,37,16,95.915627,NOTE
818,5,1,49,1,3,2,2727,778,9,16,95.405807,2
819,5,1,49,1,3,3,2945,782,19,17,47.302963,D1
820,2,1,50,0,0,0,3022,779,99,19,-1,
821,3,1,50,1,0,0,3022,779,99,19,-1,
822,4,1,50,1,1,0,3022,779,99,19,-1,
823,5,1,50,1,1,1,3022,782,18,16,78.638260,AL
824,5,1,50,1,1,2,3063,779,38,16,79.673409,NOTE
825,5,1,50,1,1,3,3111,779,10,16,79.673409,3
826,2,1,51,0,0,0,3060,159,426,4,-1,
827,3,1,51,1,0,0,3060,159,426,4,-1,
828,4,1,51,1,1,0,3060,159,426,4,-1,
829,5,1,51,1,1,1,3060,159,426,4,95.000000, 
830,2,1,52,0,0,0,3482,156,1282,257,-1,
831,3,1,52,1,0,0,3482,156,1282,257,-1,
832,4,1,52,1,1,0,3482,156,1282,213,-1,
833,5,1,52,1,1,1,3482,156,1282,213,95.000000,   
834,4,1,52,1,2,0,3482,369,1282,44,-1,
835,5,1,52,1,2,1,3482,369,1282,44,95.000000,  
836,2,1,53,0,0,0,4414,404,350,34,-1,
837,3,1,53,1,0,0,4414,404,350,34,-1,
838,4,1,53,1,1,0,4414,404,350,34,-1,
839,5,1,53,1,1,1,4414,404,350,34,95.000000,    
840,2,1,54,0,0,0,4673,406,91,58,-1,
841,3,1,54,1,0,0,4673,406,91,58,-1,
842,4,1,54,1,1,0,4673,406,91,37,-1,
843,5,1,54,1,1,1,4673,406,91,37,95.000000,    
844,4,1,54,1,2,0,4673,443,91,21,-1,
845,5,1,54,1,2,1,4673,443,91,21,95.000000,   
846,2,1,55,0,0,0,4588,414,114,68,-1,
847,3,1,55,1,0,0,4588,414,114,68,-1,
848,4,1,55,1,1,0,4614,414,62,16,-1,
849,5,1,55,1,1,1,4614,414,16,16,84.659874,TO
850,5,1,55,1,1,2,4638,415,38,15,42.535168,FLARE
851,4,1,55,1,2,0,4617,440,56,16,-1,
852,5,1,55,1,2,1,4617,440,56,16,96.606689,HEADER
853,4,1,55,1,3,0,4588,465,114,17,-1,
854,5,1,55,1,3,1,4588,465,31,17,76.299408,DWG
855,5,1,55,1,3,2,4630,466,72,15,89.866570,01-0150
856,2,1,56,0,0,0,2679,413,2085,122,-1,
857,3,1,56,1,0,0,2679,413,2085,122,-1,
858,4,1,56,1,1,0,3006,413,1022,30,-1,
859,5,1,56,1,1,1,3006,413,1022,30,95.000000,  
860,4,1,56,1,2,0,3006,443,1553,24,-1,
861,5,1,56,1,2,1,3006,443,1553,24,95.000000,    
862,4,1,56,1,3,0,3012,467,1576,23,-1,
863,5,1,56,1,3,1,3012,467,1576,23,95.000000, 
864,4,1,56,1,4,0,3012,490,1752,28,-1,
865,5,1,56,1,4,1,3012,490,1752,28,95.000000,  
866,4,1,56,1,5,0,2679,518,198,17,-1,
867,5,1,56,1,5,1,2679,518,198,17,95.000000, 
868,2,1,57,0,0,0,4028,415,386,25,-1,
869,3,1,57,1,0,0,4028,415,386,25,-1,
870,4,1,57,1,1,0,4028,415,386,25,-1,
871,5,1,57,1,1,1,4028,422,172,18,0.000000,S-FH-at—4007-2H1
872,5,1,57,1,1,2,4236,411,75,37,47.501053,SLOPE
873,5,1,57,1,1,3,4316,411,48,37,54.248039,_
874,5,1,57,1,1,4,4371,424,43,14,16.118256,"3,200"
875,2,1,58,0,0,0,4414,437,203,13,-1,
876,3,1,58,1,0,0,4414,437,203,13,-1,
877,4,1,58,1,1,0,4414,437,203,13,-1,
878,5,1,58,1,1,1,4414,437,203,13,95.000000, 
879,2,1,59,0,0,0,4702,464,62,26,-1,
880,3,1,59,1,0,0,4702,464,62,26,-1,
881,4,1,59,1,1,0,4702,464,62,26,-1,
882,5,1,59,1,1,1,4702,464,62,26,95.000000,  
883,2,1,60,0,0,0,2091,518,2673,513,-1,
884,3,1,60,1,0,0,2091,518,2673,513,-1,
885,4,1,60,1,1,0,3012,518,1752,17,-1,
886,5,1,60,1,1,1,3012,518,1752,17,95.000000, 
887,4,1,60,1,2,0,2679,535,2085,16,-1,
888,5,1,60,1,2,1,2679,535,2085,16,95.000000, 
889,4,1,60,1,3,0,2464,551,2300,37,-1,
890,5,1,60,1,3,1,2464,551,2300,37,95.000000,  
891,4,1,60,1,4,0,2091,607,2673,144,-1,
892,5,1,60,1,4,1,2091,607,2673,144,95.000000,   
893,4,1,60,1,5,0,2091,751,2673,29,-1,
894,5,1,60,1,5,1,2091,751,463,29,95.000000, 
895,5,1,60,1,5,2,3143,751,1621,29,95.000000, 
896,4,1,60,1,6,0,2091,780,2673,27,-1,
897,5,1,60,1,6,1,2091,780,463,27,95.000000, 
898,5,1,60,1,6,2,3143,780,1621,27,95.000000, 
899,4,1,60,1,7,0,2091,807,2673,46,-1,
900,5,1,60,1,7,1,2091,807,2673,46,95.000000,  
901,4,1,60,1,8,0,2099,985,1111,24,-1,
902,5,1,60,1,8,1,2099,985,1111,24,95.000000,  
903,4,1,60,1,9,0,2095,1009,1158,22,-1,
904,5,1,60,1,9,1,2095,1009,1158,22,95.000000,  
905,2,1,61,0,0,0,3193,866,1571,119,-1,
906,3,1,61,1,0,0,3193,866,1571,119,-1,
907,4,1,61,1,1,0,3193,866,1571,119,-1,
908,5,1,61,1,1,1,3193,979,17,6,95.000000, 
909,5,1,61,1,1,2,4752,866,12,113,95.000000,  
910,2,1,62,0,0,0,4102,782,525,263,-1,
911,3,1,62,1,0,0,4102,782,525,263,-1,
912,4,1,62,1,1,0,4102,782,525,263,-1,
913,5,1,62,1,1,1,4102,782,525,263,95.000000,   
914,2,1,63,0,0,0,4120,979,643,77,-1,
915,3,1,63,1,0,0,4120,979,643,77,-1,
916,4,1,63,1,1,0,4120,979,643,77,-1,
917,5,1,63,1,1,1,4120,1045,507,11,95.000000, 
918,5,1,63,1,1,2,4752,979,11,69,95.000000,     
919,2,1,64,0,0,0,2444,1051,656,6,-1,
920,3,1,64,1,0,0,2444,1051,656,6,-1,
921,4,1,64,1,1,0,2444,1051,656,6,-1,
922,5,1,64,1,1,1,2444,1051,656,6,95.000000, 
923,2,1,65,0,0,0,2176,1047,66,17,-1,
924,3,1,65,1,0,0,2176,1047,66,17,-1,
925,4,1,65,1,1,0,2176,1047,66,17,-1,
926,5,1,65,1,1,1,2176,1047,66,17,18.545448,2-VO300
927,2,1,66,0,0,0,2087,1048,86,24,-1,
928,3,1,66,1,0,0,2087,1048,86,24,-1,
929,4,1,66,1,1,0,2087,1048,86,24,-1,
930,5,1,66,1,1,1,2087,1048,86,24,95.000000, 
931,2,1,67,0,0,0,1663,1070,581,204,-1,
932,3,1,67,1,0,0,1667,1070,738,204,-1,
933,4,1,67,1,1,0,2025,1070,219,27,-1,
934,5,1,67,1,1,1,2025,1080,34,17,9.270470,ay
935,5,1,67,1,1,2,2175,1070,69,15,43.657127,011208
936,4,1,67,1,2,0,2014,1082,224,35,-1,
937,5,1,67,1,2,1,2014,1082,27,34,0.000000,Wan
938,5,1,67,1,2,2,2047,1102,36,15,0.000000,206
939,5,1,67,1,2,3,2173,1088,65,19,0.000000,26300
940,4,1,67,1,3,0,1663,1095,577,69,-1,
941,5,1,67,1,3,1,1663,1095,81,69,52.755959,aca
942,5,1,67,1,3,2,2172,1111,68,15,21.178810,va11207
943,4,1,67,1,4,0,1680,1143,51,17,-1,
944,5,1,67,1,4,1,1680,1143,51,17,10.255630,920-
945,4,1,67,1,5,0,1929,1189,83,17,-1,
946,5,1,67,1,5,1,1929,1189,83,17,0.000000,3/4NB481
947,4,1,67,1,6,0,1768,1202,229,34,-1,
948,5,1,67,1,6,1,1768,1202,27,34,30.679337,qT
949,5,1,67,1,6,2,1950,1211,47,15,84.873199,11205
950,4,1,67,1,7,0,1761,1223,314,40,-1,
951,5,1,67,1,7,1,1761,1223,51,40,82.623825,920—
952,5,1,67,1,7,2,2010,1237,65,17,0.000000,a'va302
953,4,1,67,1,8,0,1760,1254,317,20,-1,
954,5,1,67,1,8,1,1760,1254,48,11,21.775925,=
955,5,1,67,1,8,2,2009,1259,68,15,19.435318,vai1204
956,2,1,68,0,0,0,954,1269,1480,275,-1,
957,3,1,68,1,0,0,954,1269,1480,275,-1,
958,4,1,68,1,1,0,957,1269,1157,67,-1,
959,5,1,68,1,1,1,957,1269,1157,67,95.000000,      
960,4,1,68,1,2,0,1265,1336,842,55,-1,
961,5,1,68,1,2,1,1265,1336,842,55,95.000000,    
962,4,1,68,1,3,0,954,1391,1152,44,-1,
963,5,1,68,1,3,1,954,1391,1152,44,95.000000, 
964,4,1,68,1,4,0,954,1435,1152,19,-1,
965,5,1,68,1,4,1,954,1435,1152,19,95.000000, 
966,4,1,68,1,5,0,954,1454,1480,90,-1,
967,5,1,68,1,5,1,954,1454,280,88,95.000000, 
968,5,1,68,1,5,2,1859,1529,175,13,95.000000, 
969,5,1,68,1,5,3,2430,1511,4,33,95.000000, 
970,2,1,69,0,0,0,1793,1538,68,41,-1,
971,3,1,69,1,0,0,1793,1538,68,41,-1,
972,4,1,69,1,1,0,1795,1538,64,18,-1,
973,5,1,69,1,1,1,1795,1538,64,18,21.927002,6°VB302
974,4,1,69,1,2,0,1793,1564,68,15,-1,
975,5,1,69,1,2,1,1793,1564,68,15,39.083389,vB11202
976,2,1,70,0,0,0,1436,2464,347,427,-1,
977,3,1,70,1,0,0,1436,2464,347,427,-1,
978,4,1,70,1,1,0,1436,2464,280,147,-1,
979,5,1,70,1,1,1,1436,2464,280,147,95.000000,  
980,4,1,70,1,2,0,1603,2611,180,280,-1,
981,5,1,70,1,2,1,1603,2611,180,280,95.000000,  
982,5,1,70,1,2,2,1687,2611,96,151,95.000000, 
983,2,1,71,0,0,0,1669,2620,18,133,-1,
984,3,1,71,1,0,0,1669,2620,18,133,-1,
985,4,1,71,1,1,0,1669,2620,18,133,-1,
986,5,1,71,1,1,1,1669,2620,18,133,11.317833,4°-DO-AB-5741
987,2,1,72,0,0,0,2246,3249,262,16,-1,
988,3,1,72,1,0,0,2246,3249,262,16,-1,
989,4,1,72,1,1,0,2246,3249,262,16,-1,
990,5,1,72,1,1,1,2246,3255,12,7,91.432869,=
991,5,1,72,1,1,2,2269,3249,59,16,83.614098,WHP-B
992,5,1,72,1,1,3,2340,3249,105,16,48.562019,MODIFICATION
993,5,1,72,1,1,4,2456,3249,52,16,96.616592,SCOPE
994,2,1,73,0,0,0,2458,1486,375,80,-1,
995,3,1,73,1,0,0,2458,1486,375,80,-1,
996,4,1,73,1,1,0,2653,1486,180,18,-1,
997,5,1,73,1,1,1,2653,1486,180,18,21.349159,187-PF-D1-1053-2H1
998,4,1,73,1,2,0,2474,1494,156,31,-1,
999,5,1,73,1,2,1,2474,1500,38,20,5.471336,Dod-—Q
1000,5,1,73,1,2,2,2561,1494,69,31,18.724533,Hey
1001,4,1,73,1,3,0,2458,1530,73,17,-1,
1002,5,1,73,1,3,1,2458,1530,73,17,26.694115,18VB302
1003,4,1,73,1,4,0,2458,1550,69,16,-1,
1004,5,1,73,1,4,1,2458,1550,69,16,34.858696,¥BI1223
1005,2,1,74,0,0,0,2403,1048,850,27,-1,
1006,3,1,74,1,0,0,2403,1048,850,27,-1,
1007,4,1,74,1,1,0,2403,1048,850,27,-1,
1008,5,1,74,1,1,1,2403,1048,850,27,95.000000,  
1009,2,1,75,0,0,0,2711,1194,2006,314,-1,
1010,3,1,75,1,0,0,2715,1194,2002,314,-1,
1011,4,1,75,1,1,0,3099,1194,1344,39,-1,
1012,5,1,75,1,1,1,3099,1215,28,3,95.119728,=
1013,5,1,75,1,1,2,3206,1194,174,39,45.785324,2°=00-D1-5026-2H1
1014,5,1,75,1,1,3,4321,1205,19,15,87.806046,30
1015,5,1,75,1,1,4,4352,1205,39,15,87.620148,BEND
1016,5,1,75,1,1,5,4402,1204,41,20,82.269531,(1EA)
1017,4,1,75,1,2,0,2765,1224,358,38,-1,
1018,5,1,75,1,2,1,2765,1224,20,15,85.214973,HH
1019,5,1,75,1,2,2,2796,1224,12,14,62.118149,©
1020,5,1,75,1,2,3,2820,1224,18,16,95.627106,23
1021,5,1,75,1,2,4,2849,1224,34,20,72.595322,Borg
1022,5,1,75,1,2,5,3103,1224,20,38,87.768349,T
1023,4,1,75,1,3,0,4655,1266,43,15,-1,
1024,5,1,75,1,3,1,4655,1266,43,15,64.084351,NON
1025,4,1,75,1,4,0,2764,1265,1953,39,-1,
1026,5,1,75,1,4,1,2764,1277,17,16,85.670685,LL
1027,5,1,75,1,4,2,2791,1278,12,15,62.486565,©
1028,5,1,75,1,4,3,2814,1278,34,15,79.489624,3.45
1029,5,1,75,1,4,4,2859,1278,34,19,93.825050,Borg
1030,5,1,75,1,4,5,3103,1267,20,37,49.240944,x
1031,5,1,75,1,4,6,4576,1265,78,16,87.507782,INSULATION
1032,5,1,75,1,4,7,4676,1266,41,15,87.507782,ONLY
1033,4,1,75,1,5,0,3270,1326,87,15,-1,
1034,5,1,75,1,5,1,3270,1326,87,15,9.210960,CORROSION
1035,4,1,75,1,6,0,3270,1348,50,16,-1,
1036,5,1,75,1,6,1,3270,1348,50,16,96.892143,PROBE
1037,4,1,75,1,7,0,2919,1365,484,31,-1,
1038,5,1,75,1,7,1,2919,1365,25,16,58.938583,BY
1039,5,1,75,1,7,2,3280,1380,26,16,48.881649,CP
1040,5,1,75,1,7,3,3311,1359,11,42,48.881649,\
1041,5,1,75,1,7,4,3335,1372,37,15,94.584435,NOTE
1042,5,1,75,1,7,5,3385,1372,18,15,94.584435,10
1043,4,1,75,1,8,0,2917,1395,520,17,-1,
1044,5,1,75,1,8,1,2917,1395,40,17,52.027626,20—
1045,5,1,75,1,8,2,3340,1396,97,16,86.617294,RETRIEVABLE
1046,4,1,75,1,9,0,2711,1400,683,39,-1,
1047,5,1,75,1,9,1,2711,1400,78,39,84.639015,FLUSHING
1048,5,1,75,1,9,2,3269,1410,52,17,23.738365,9201
1049,5,1,75,1,9,3,3341,1417,53,15,6.006302,mG
1050,4,1,75,1,10,0,2852,1427,464,46,-1,
1051,5,1,75,1,10,1,2852,1434,97,32,0.000000,zwex0k
1052,5,1,75,1,10,2,2963,1442,15,10,40.358276,=
1053,5,1,75,1,10,3,3262,1427,54,46,37.261131,ig
1054,4,1,75,1,11,0,2848,1468,129,27,-1,
1055,5,1,75,1,11,1,2848,1468,77,27,8.529465,VAli1222
1056,5,1,75,1,11,2,2964,1473,13,4,40.269123,3
1057,4,1,75,1,12,0,2962,1480,82,28,-1,
1058,5,1,75,1,12,1,2962,1480,82,28,50.685570,ra
1059,2,1,76,0,0,0,1752,1511,2826,566,-1,
1060,3,1,76,1,0,0,1752,1511,2826,566,-1,
1061,4,1,76,1,1,0,2430,1511,549,54,-1,
1062,5,1,76,1,1,1,2430,1544,4,21,95.000000,  
1063,5,1,76,1,1,2,2820,1511,159,54,95.000000,   
1064,4,1,76,1,2,0,2430,1574,552,60,-1,
1065,5,1,76,1,2,1,2430,1574,552,60,95.000000,  
1066,4,1,76,1,3,0,2430,1634,552,30,-1,
1067,5,1,76,1,3,1,2430,1634,552,30,95.000000,  
1068,4,1,76,1,4,0,2425,1664,557,36,-1,
1069,5,1,76,1,4,1,2425,1664,557,36,95.000000, 
1070,4,1,76,1,5,0,1752,2011,1230,36,-1,
1071,5,1,76,1,5,1,1752,2011,1096,36,95.000000,  
1072,5,1,76,1,5,2,2978,2011,4,13,95.000000, 
1073,4,1,76,1,6,0,1752,2047,2826,30,-1,
1074,5,1,76,1,6,1,1752,2047,2826,30,95.000000, 
1075,2,1,77,0,0,0,2848,2020,130,18,-1,
1076,3,1,77,1,0,0,2848,2020,130,18,-1,
1077,4,1,77,1,1,0,2848,2020,130,18,-1,
1078,5,1,77,1,1,1,2848,2020,130,18,0.000000,6°-W-01-2120
1079,2,1,78,0,0,0,2728,3067,375,28,-1,
1080,3,1,78,1,0,0,2728,3067,375,28,-1,
1081,4,1,78,1,1,0,2728,3067,375,28,-1,
1082,5,1,78,1,1,1,2728,3067,79,27,96.313911,LAST
1083,5,1,78,1,1,2,2832,3067,105,28,96.443405,VALVE
1084,5,1,78,1,1,3,2965,3067,138,27,96.747292,NUMBER
1085,2,1,79,0,0,0,2836,3107,158,27,-1,
1086,3,1,79,1,0,0,2836,3107,158,27,-1,
1087,4,1,79,1,1,0,2836,3107,158,27,-1,
1088,5,1,79,1,1,1,2836,3107,87,27,96.824280,USED
1089,5,1,79,1,1,2,2950,3107,44,27,96.835365,ON
1090,2,1,80,0,0,0,2777,3146,252,27,-1,
1091,3,1,80,1,0,0,2777,3146,252,27,-1,
1092,4,1,80,1,1,0,2777,3146,252,27,-1,
1093,5,1,80,1,1,1,2777,3146,73,27,95.267258,THIS
1094,5,1,80,1,1,2,2878,3146,151,27,95.267258,DRAWING
1095,2,1,81,0,0,0,2702,3045,427,191,-1,
1096,3,1,81,1,0,0,2702,3045,427,191,-1,
1097,4,1,81,1,1,0,2702,3045,427,191,-1,
1098,5,1,81,1,1,1,2702,3045,427,191,95.000000, 
1099,2,1,82,0,0,0,2994,875,1718,324,-1,
1100,3,1,82,1,0,0,2994,875,1718,322,-1,
1101,4,1,82,1,1,0,3493,882,157,26,-1,
1102,5,1,82,1,1,1,3493,882,63,26,86.619080,BARRED
1103,5,1,82,1,1,2,3647,899,3,4,0.000000,e
1104,4,1,82,1,2,0,3176,875,809,55,-1,
1105,5,1,82,1,2,1,3176,875,35,55,32.653954,a
1106,5,1,82,1,2,2,3495,887,28,37,83.801025,TEE
1107,5,1,82,1,2,3,3640,898,39,16,84.192848,NOTE
1108,5,1,82,1,2,4,3689,899,9,14,92.488670,4
1109,5,1,82,1,2,5,3969,896,16,17,84.923004,PI
1110,4,1,82,1,3,0,3176,927,826,29,-1,
1111,5,1,82,1,3,1,3176,931,34,19,25.438599,35
1112,5,1,82,1,3,2,3496,928,61,17,0.000000,"24°18"""
1113,5,1,82,1,3,3,3645,939,16,17,66.137962,Zi
1114,5,1,82,1,3,4,3950,927,52,17,0.000000,920
1115,4,1,82,1,4,0,3174,950,857,36,-1,
1116,5,1,82,1,4,1,3174,950,36,26,56.161469,ae
1117,5,1,82,1,4,2,3629,970,53,16,4.933990,920-
1118,5,1,82,1,4,3,3894,962,66,18,0.000000,awe
1119,5,1,82,1,4,4,4016,958,15,15,34.436165,&
1120,4,1,82,1,5,0,3170,982,943,36,-1,
1121,5,1,82,1,5,1,3170,985,4,2,58.332825,=
1122,5,1,82,1,5,2,3240,982,98,18,0.000000,24N8325FB
1123,5,1,82,1,5,3,3379,982,99,18,9.812584,"—24°VBS25,FB"
1124,5,1,82,1,5,4,3893,982,71,32,24.199425,W11230
1125,5,1,82,1,5,5,4016,989,15,14,36.805996,al
1126,5,1,82,1,5,6,4054,1002,38,16,60.212658,note
1127,5,1,82,1,5,7,4103,1002,10,15,84.480362,5
1128,4,1,82,1,6,0,3235,1002,796,35,-1,
1129,5,1,82,1,6,1,3235,1002,72,26,60.694733,VB11227
1130,5,1,82,1,6,2,3373,1002,73,26,35.800072,VB11228
1131,5,1,82,1,6,3,3580,1012,38,14,94.845901,NOTE
1132,5,1,82,1,6,4,3632,1012,14,14,60.811394,11
1133,5,1,82,1,6,5,3746,1011,10,26,0.000000,%)
1134,5,1,82,1,6,6,4015,1006,16,10,42.237389,Se
1135,4,1,82,1,7,0,3683,1016,1027,40,-1,
1136,5,1,82,1,7,1,3683,1016,27,40,0.000000,Kz
1137,5,1,82,1,7,2,3719,1016,41,40,0.000000,hcg
1138,5,1,82,1,7,3,4574,1017,10,38,44.179672,1
1139,5,1,82,1,7,4,4599,1017,20,38,59.131565,10
1140,5,1,82,1,7,5,4578,1021,132,30,47.161163,PPEUNE
1141,5,1,82,1,7,6,4700,1017,14,38,93.193474,|
1142,4,1,82,1,8,0,3213,1021,907,48,-1,
1143,5,1,82,1,8,1,3213,1043,26,18,30.564415,a
1144,5,1,82,1,8,2,3253,1021,40,44,68.638779,boa
1145,5,1,82,1,8,3,3397,1021,40,44,79.242630,bod
1146,5,1,82,1,8,4,3687,1038,6,12,28.390396,Q
1147,5,1,82,1,8,5,3804,1036,193,33,44.297314,24°-PF-D11—-1058-2H1
1148,5,1,82,1,8,6,4045,1026,75,40,37.526222,At
1149,4,1,82,1,9,0,3246,1051,1466,30,-1,
1150,5,1,82,1,9,1,3246,1051,37,16,92.024406,NOTE
1151,5,1,82,1,9,2,3294,1051,10,16,80.104019,S
1152,5,1,82,1,9,3,3390,1051,37,16,34.694817,OTE
1153,5,1,82,1,9,4,3438,1051,10,16,80.337646,5
1154,5,1,82,1,9,5,3552,1057,43,15,3.024368,-)2
1155,5,1,82,1,9,6,4223,1072,41,9,26.197571,vant
1156,5,1,82,1,9,7,4581,1064,20,16,92.579277,TO
1157,5,1,82,1,9,8,4612,1064,100,16,92.579277,PRODUCTION
1158,4,1,82,1,10,0,3355,1066,1296,54,-1,
1159,5,1,82,1,10,1,3355,1066,34,54,1.905090,5y4
1160,5,1,82,1,10,2,3400,1066,43,54,7.047737,voi
1161,5,1,82,1,10,3,3552,1075,43,28,45.862850,ala
1162,5,1,82,1,10,4,4131,1079,102,39,0.000000,3/4vous1§
1163,5,1,82,1,10,5,4254,1073,61,15,72.012848,NOES
1164,5,1,82,1,10,6,4582,1085,69,16,95.200569,PIPELINE
1165,4,1,82,1,11,0,2994,1109,100,18,-1,
1166,5,1,82,1,11,1,2994,1109,100,18,33.974701,"2°va300,CSC"
1167,4,1,82,1,12,0,3018,1095,1366,99,-1,
1168,5,1,82,1,12,1,3018,1113,30,36,4.376564,val
1169,5,1,82,1,12,2,3054,1130,36,15,4.376564,1224
1170,5,1,82,1,12,3,3104,1095,23,54,15.837791,Hf
1171,5,1,82,1,12,4,3146,1114,82,36,0.000000,3/4'Va48!
1172,5,1,82,1,12,5,3552,1135,43,14,41.935574,ata
1173,5,1,82,1,12,6,4319,1124,65,70,30.367645,eA
1174,4,1,82,1,13,0,3552,1127,837,72,-1,
1175,5,1,82,1,13,1,3552,1151,43,30,35.903427,ae:
1176,5,1,82,1,13,2,4333,1127,56,72,59.828026,al
1177,4,1,82,1,14,0,4024,1177,122,20,-1,
1178,5,1,82,1,14,1,4024,1178,19,16,70.145882,3D
1179,5,1,82,1,14,2,4055,1178,39,16,92.942009,BEND
1180,5,1,82,1,14,3,4106,1177,40,20,90.541893,(3EA)
1181,2,1,83,0,0,0,2999,1144,241,213,-1,
1182,3,1,83,1,0,0,2999,1144,241,213,-1,
1183,4,1,83,1,1,0,2999,1144,241,213,-1,
1184,5,1,83,1,1,1,2999,1144,241,213,95.000000, 
1185,2,1,84,0,0,0,4019,1045,744,75,-1,
1186,3,1,84,1,0,0,4019,1045,744,75,-1,
1187,4,1,84,1,1,0,4019,1045,744,29,-1,
1188,5,1,84,1,1,1,4019,1045,26,29,95.000000, 
1189,5,1,84,1,1,2,4120,1056,11,18,95.000000, 
1190,5,1,84,1,1,3,4233,1056,45,18,95.000000, 
1191,5,1,84,1,1,4,4752,1048,11,24,95.000000, 
1192,4,1,84,1,2,0,4019,1074,107,46,-1,
1193,5,1,84,1,2,1,4019,1074,107,46,95.000000, 
1194,2,1,85,0,0,0,2403,1072,2360,117,-1,
1195,3,1,85,1,0,0,2403,1072,2360,117,-1,
1196,4,1,85,1,1,0,2403,1072,2360,32,-1,
1197,5,1,85,1,1,1,2403,1075,850,29,95.000000,   
1198,5,1,85,1,1,2,4752,1072,11,20,95.000000,  
1199,4,1,85,1,2,0,2907,1104,197,28,-1,
1200,5,1,85,1,2,1,2907,1104,197,28,95.000000,  
1201,4,1,85,1,3,0,2907,1132,84,57,-1,
1202,5,1,85,1,3,1,2907,1132,84,57,95.000000, 
1203,2,1,86,0,0,0,3039,1101,1724,548,-1,
1204,3,1,86,1,0,0,3039,1101,1724,548,-1,
1205,4,1,86,1,1,0,4751,1101,12,113,-1,
1206,5,1,86,1,1,1,4751,1101,12,113,95.000000,   
1207,4,1,86,1,2,0,4751,1214,12,48,-1,
1208,5,1,86,1,2,1,4751,1214,12,48,95.000000,   
1209,4,1,86,1,3,0,4751,1262,12,57,-1,
1210,5,1,86,1,3,1,4751,1262,12,57,95.000000,   
1211,4,1,86,1,4,0,4751,1319,12,38,-1,
1212,5,1,86,1,4,1,4751,1319,12,38,95.000000,  
1213,4,1,86,1,5,0,4751,1357,12,99,-1,
1214,5,1,86,1,5,1,4751,1357,12,99,95.000000,  
1215,4,1,86,1,6,0,3044,1456,1719,62,-1,
1216,5,1,86,1,6,1,3044,1456,1719,62,95.000000,   
1217,4,1,86,1,7,0,3039,1517,1724,132,-1,
1218,5,1,86,1,7,1,3039,1517,1724,132,95.000000,   
1219,2,1,87,0,0,0,4019,1074,219,99,-1,
1220,3,1,87,1,0,0,4019,1074,219,99,-1,
1221,4,1,87,1,1,0,4019,1074,219,51,-1,
1222,5,1,87,1,1,1,4019,1074,219,51,95.000000,   
1223,4,1,87,1,2,0,4019,1125,219,48,-1,
1224,5,1,87,1,2,1,4019,1125,219,48,95.000000, 
1225,2,1,88,0,0,0,4482,1189,148,17,-1,
1226,3,1,88,1,0,0,4482,1189,148,17,-1,
1227,4,1,88,1,1,0,4482,1189,148,17,-1,
1228,5,1,88,1,1,1,4482,1189,65,17,66.245491,TOPSIDES
1229,5,1,88,1,1,2,4557,1189,73,17,96.747162,PIPELINE
1230,2,1,89,0,0,0,4490,1214,234,101,-1,
1231,3,1,89,1,0,0,4490,1214,234,101,-1,
1232,4,1,89,1,1,0,4553,1214,10,43,-1,
1233,5,1,89,1,1,1,4553,1214,10,43,95.000000, 
1234,4,1,89,1,2,0,4490,1257,234,58,-1,
1235,5,1,89,1,2,1,4490,1257,87,58,95.000000,  
1236,5,1,89,1,2,2,4717,1257,7,32,95.000000, 
1237,2,1,90,0,0,0,3036,1586,1727,48,-1,
1238,3,1,90,1,0,0,3036,1586,1727,48,-1,
1239,4,1,90,1,1,0,3036,1586,1727,48,-1,
1240,5,1,90,1,1,1,3036,1586,1727,48,95.000000,   
1241,5,1,90,1,1,2,4751,1597,12,4,95.000000, 
1242,2,1,91,0,0,0,4027,1605,675,66,-1,
1243,3,1,91,1,0,0,4027,1605,675,66,-1,
1244,4,1,91,1,1,0,4027,1605,632,23,-1,
1245,5,1,91,1,1,1,4027,1609,173,17,15.876740,2°-DC-A1-5025-2H1
1246,5,1,91,1,1,2,4271,1605,54,16,96.562721,SLOPE
1247,5,1,91,1,1,3,4396,1618,4,10,46.025806,:
1248,5,1,91,1,1,4,4585,1605,17,15,95.067230,TO
1249,5,1,91,1,1,5,4610,1605,49,15,92.711243,CLOSED
1250,4,1,91,1,2,0,4616,1630,56,16,-1,
1251,5,1,91,1,2,1,4616,1630,56,16,95.236176,HEADER
1252,4,1,91,1,3,0,4587,1656,115,15,-1,
1253,5,1,91,1,3,1,4587,1656,32,15,56.547989,WG
1254,5,1,91,1,3,2,4629,1656,73,15,89.279510,01-0150
1255,2,1,92,0,0,0,3036,1601,1727,206,-1,
1256,3,1,92,1,0,0,3036,1601,1727,206,-1,
1257,4,1,92,1,1,0,4751,1601,12,33,-1,
1258,5,1,92,1,1,1,4751,1601,12,33,95.000000, 
1259,4,1,92,1,2,0,3036,1634,1727,24,-1,
1260,5,1,92,1,2,1,3036,1634,1551,24,95.000000,  
1261,5,1,92,1,2,2,4702,1634,61,24,95.000000,  
1262,4,1,92,1,3,0,3036,1654,1727,130,-1,
1263,5,1,92,1,3,1,3036,1654,1727,130,95.000000,  
1264,4,1,92,1,4,0,3036,1784,1727,23,-1,
1265,5,1,92,1,4,1,3036,1784,1727,23,95.000000,  
1266,2,1,93,0,0,0,4751,1654,12,24,-1,
1267,3,1,93,1,0,0,4751,1654,12,24,-1,
1268,4,1,93,1,1,0,4751,1654,12,24,-1,
1269,5,1,93,1,1,1,4751,1654,12,24,95.000000, 
1270,2,1,94,0,0,0,4727,1807,36,204,-1,
1271,3,1,94,1,0,0,4727,1807,36,204,-1,
1272,4,1,94,1,1,0,4727,1807,36,113,-1,
1273,5,1,94,1,1,1,4727,1807,36,113,95.000000,    
1274,4,1,94,1,2,0,4732,1920,31,41,-1,
1275,5,1,94,1,2,1,4732,1920,31,41,95.000000, 
1276,4,1,94,1,3,0,4732,1961,31,50,-1,
1277,5,1,94,1,3,1,4732,1961,31,50,95.000000, 
1278,2,1,95,0,0,0,3054,1807,1273,33,-1,
1279,3,1,95,1,0,0,3054,1807,1273,33,-1,
1280,4,1,95,1,1,0,3054,1807,1273,33,-1,
1281,5,1,95,1,1,1,3054,1807,975,13,95.000000, 
1282,5,1,95,1,1,2,4210,1807,117,33,95.000000, 
1283,2,1,96,0,0,0,3423,1811,1304,44,-1,
1284,3,1,96,1,0,0,3423,1811,1304,44,-1,
1285,4,1,96,1,1,0,4029,1811,531,28,-1,
1286,5,1,96,1,1,1,4029,1811,181,28,43.305908,18—PF-D1—1070-2H1
1287,5,1,96,1,1,2,4336,1816,40,16,92.825211,FROM
1288,5,1,96,1,1,3,4387,1817,56,15,84.287041,WHP-B
1289,5,1,96,1,1,4,4454,1817,23,15,79.284340,PIG
1290,5,1,96,1,1,5,4488,1816,72,16,84.375717,RECENER
1291,4,1,96,1,2,0,3423,1824,1304,31,-1,
1292,5,1,96,1,2,1,3423,1830,80,20,0.000000,pod}
1293,5,1,96,1,2,2,3594,1830,37,21,0.000000,po
1294,5,1,96,1,2,3,3782,1824,70,31,40.671902,GEA
1295,5,1,96,1,2,4,4580,1825,147,30,27.453178,Coron]
1296,2,1,97,0,0,0,3410,1856,223,18,-1,
1297,3,1,97,1,0,0,3410,1856,223,18,-1,
1298,4,1,97,1,1,0,3410,1856,223,18,-1,
1299,5,1,97,1,1,1,3410,1856,44,18,26.088860,18'VB
1300,5,1,97,1,1,2,3474,1856,43,18,54.012024,18°C
1301,5,1,97,1,1,3,3589,1856,44,18,11.847824,188
1302,2,1,98,0,0,0,3510,1930,56,21,-1,
1303,3,1,98,1,0,0,3510,1930,56,21,-1,
1304,4,1,98,1,1,0,3510,1930,56,21,-1,
1305,5,1,98,1,1,1,3510,1930,56,21,43.041973,3/4N8
1306,2,1,99,0,0,0,4729,2011,34,36,-1,
1307,3,1,99,1,0,0,4729,2011,34,36,-1,
1308,4,1,99,1,1,0,4729,2011,34,36,-1,
1309,5,1,99,1,1,1,4729,2011,34,36,95.000000, 
1310,2,1,100,0,0,0,4334,2022,203,16,-1,
1311,3,1,100,1,0,0,4334,2022,203,16,-1,
1312,4,1,100,1,1,0,4334,2022,203,16,-1,
1313,5,1,100,1,1,1,4334,2022,20,16,81.485291,TO
1314,5,1,100,1,1,2,4364,2022,55,16,91.257629,WHP-B
1315,5,1,100,1,1,3,4430,2022,24,16,92.820335,PIG
1316,5,1,100,1,1,4,4465,2022,72,16,92.820335,RECENER
1317,2,1,101,0,0,0,1752,2077,3011,477,-1,
1318,3,1,101,1,0,0,1752,2077,3011,477,-1,
1319,4,1,101,1,1,0,1752,2077,3011,477,-1,
1320,5,1,101,1,1,1,1752,2077,3011,477,95.000000,  
1321,5,1,101,1,1,2,4361,2455,402,68,95.000000, 
1322,2,1,102,0,0,0,4312,2300,441,4,-1,
1323,3,1,102,1,0,0,4312,2300,441,4,-1,
1324,4,1,102,1,1,0,4312,2300,441,4,-1,
1325,5,1,102,1,1,1,4312,2300,441,4,95.000000, 
1326,2,1,103,0,0,0,3916,2341,839,6,-1,
1327,3,1,103,1,0,0,3916,2341,839,6,-1,
1328,4,1,103,1,1,0,3916,2341,839,6,-1,
1329,5,1,103,1,1,1,3916,2341,839,6,95.000000, 
1330,2,1,104,0,0,0,3916,2384,836,6,-1,
1331,3,1,104,1,0,0,3916,2384,836,6,-1,
1332,4,1,104,1,1,0,3916,2384,836,6,-1,
1333,5,1,104,1,1,1,3916,2384,836,6,95.000000, 
1334,2,1,105,0,0,0,3916,2426,839,6,-1,
1335,3,1,105,1,0,0,3916,2426,839,6,-1,
1336,4,1,105,1,1,0,3916,2426,839,6,-1,
1337,5,1,105,1,1,1,3916,2426,839,6,95.000000, 
1338,2,1,106,0,0,0,3916,2468,583,6,-1,
1339,3,1,106,1,0,0,3916,2468,583,6,-1,
1340,4,1,106,1,1,0,3916,2468,583,6,-1,
1341,5,1,106,1,1,1,3916,2468,583,6,95.000000, 
1342,2,1,107,0,0,0,4066,2472,295,73,-1,
1343,3,1,107,1,0,0,4066,2472,295,73,-1,
1344,4,1,107,1,1,0,4066,2472,295,34,-1,
1345,5,1,107,1,1,1,4066,2472,64,29,79.985214,ISSUED
1346,5,1,107,1,1,2,4144,2485,36,16,91.422264,FOR
1347,5,1,107,1,1,3,4193,2483,168,23,91.071342,APPROVAL/HAZOP
1348,4,1,107,1,2,0,4066,2527,227,18,-1,
1349,5,1,107,1,2,1,4066,2527,64,18,94.429634,ISSUED
1350,5,1,107,1,2,2,4145,2527,35,17,96.365746,FOR
1351,5,1,107,1,2,3,4193,2527,100,18,95.863472,COMMENTS
1352,2,1,108,0,0,0,3908,2455,158,68,-1,
1353,3,1,108,1,0,0,3908,2455,158,68,-1,
1354,4,1,108,1,1,0,3908,2455,158,68,-1,
1355,5,1,108,1,1,1,3908,2455,158,68,95.000000,  
1356,2,1,109,0,0,0,3916,2512,839,6,-1,
1357,3,1,109,1,0,0,3916,2512,839,6,-1,
1358,4,1,109,1,1,0,3916,2512,839,6,-1,
1359,5,1,109,1,1,1,3916,2512,839,6,95.000000, 
1360,2,1,110,0,0,0,3748,3092,1014,258,-1,
1361,3,1,110,1,0,0,3748,3092,1014,258,-1,
1362,4,1,110,1,1,0,3907,3092,855,136,-1,
1363,5,1,110,1,1,1,3907,3092,7,111,95.000000,  
1364,5,1,110,1,1,2,4755,3092,7,136,95.000000, 
1365,4,1,110,1,2,0,3748,3228,1014,122,-1,
1366,5,1,110,1,2,1,3748,3228,1014,122,95.000000,    
1367,2,1,111,0,0,0,4141,2576,190,18,-1,
1368,3,1,111,1,0,0,4141,2576,190,18,-1,
1369,4,1,111,1,1,0,4141,2576,190,18,-1,
1370,5,1,111,1,1,1,4141,2576,72,18,95.052315,REVISION
1371,5,1,111,1,1,2,4226,2577,105,17,94.142838,DESCRIPTION
1372,2,1,112,0,0,0,3326,2590,1076,114,-1,
1373,3,1,112,1,0,0,3326,2590,1076,114,-1,
1374,4,1,112,1,1,0,3326,2590,1076,114,-1,
1375,5,1,112,1,1,1,3326,2607,5,6,0.000000,","
1376,5,1,112,1,1,2,3923,2590,351,114,18.364601,eer’
1377,5,1,112,1,1,3,4168,2586,109,130,18.364601,en
1378,5,1,112,1,1,4,4332,2615,70,86,52.343903,|
1379,2,1,113,0,0,0,4350,2719,28,34,-1,
1380,3,1,113,1,0,0,4350,2719,28,34,-1,
1381,4,1,113,1,1,0,4350,2719,28,34,-1,
1382,5,1,113,1,1,1,4350,2719,28,34,0.000000,i)
1383,2,1,114,0,0,0,3920,2611,833,6,-1,
1384,3,1,114,1,0,0,3920,2611,833,6,-1,
1385,4,1,114,1,1,0,3920,2611,833,6,-1,
1386,5,1,114,1,1,1,3920,2611,833,6,95.000000, 
1387,2,1,115,0,0,0,3934,2696,819,5,-1,
1388,3,1,115,1,0,0,3934,2696,819,5,-1,
1389,4,1,115,1,1,0,3934,2696,819,5,-1,
1390,5,1,115,1,1,1,3934,2696,819,5,95.000000, 
1391,2,1,116,0,0,0,4060,2831,547,23,-1,
1392,3,1,116,1,0,0,4060,2831,547,23,-1,
1393,4,1,116,1,1,0,4060,2831,547,23,-1,
1394,5,1,116,1,1,1,4060,2831,52,23,92.043808,CUU
1395,5,1,116,1,1,2,4134,2831,66,23,96.069054,LONG
1396,5,1,116,1,1,3,4219,2831,68,22,95.404831,JOINT
1397,5,1,116,1,1,4,4326,2831,139,23,93.695190,OPERATING
1398,5,1,116,1,1,5,4485,2831,122,22,96.379158,COMPANY
1399,2,1,117,0,0,0,3951,2897,649,57,-1,
1400,3,1,117,1,0,0,3955,2897,645,57,-1,
1401,4,1,117,1,1,0,3965,2897,607,19,-1,
1402,5,1,117,1,1,1,3965,2897,100,18,96.696716,NIPPON
1403,5,1,117,1,1,2,4073,2897,84,18,94.941330,STEEL
1404,5,1,117,1,1,3,4242,2898,61,16,95.782669,NIPPON
1405,5,1,117,1,1,4,4315,2898,45,17,73.072937,‘STEEL
1406,5,1,117,1,1,5,4374,2898,107,16,93.096703,ENGINEERING
1407,5,1,117,1,1,6,4493,2898,33,18,85.736641,"CO.,"
1408,5,1,117,1,1,7,4539,2898,33,16,78.264496,LID.
1409,4,1,117,1,2,0,3951,2918,649,36,-1,
1410,5,1,117,1,2,1,3951,2918,36,36,46.700134,‘ei
1411,5,1,117,1,2,2,4214,2926,19,16,92.840523,PT
1412,5,1,117,1,2,3,4245,2926,60,16,92.840523,NIPPON
1413,5,1,117,1,2,4,4318,2926,47,17,95.316498,STEEL
1414,5,1,117,1,2,5,4377,2926,123,16,95.912926,CONSTRUCTION
1415,5,1,117,1,2,6,4513,2926,87,16,95.912926,INDONESIA
1416,2,1,118,0,0,0,4088,3006,491,90,-1,
1417,3,1,118,1,0,0,4088,3006,491,90,-1,
1418,4,1,118,1,1,0,4258,3006,151,22,-1,
1419,5,1,118,1,1,1,4258,3006,32,22,94.913399,SU
1420,5,1,118,1,1,2,4309,3006,30,22,79.443893,TU
1421,5,1,118,1,1,3,4362,3007,47,21,79.443893,NAU
1422,4,1,118,1,2,0,4105,3041,457,24,-1,
1423,5,1,118,1,2,1,4105,3041,81,21,95.884293,BLOCK
1424,5,1,118,1,2,2,4212,3041,73,24,93.775146,"15-1,"
1425,5,1,118,1,2,3,4307,3041,133,21,96.528633,OFFSHORE
1426,5,1,118,1,2,4,4460,3041,102,21,96.105644,VIETNAM
1427,4,1,118,1,3,0,4088,3074,491,22,-1,
1428,5,1,118,1,3,1,4088,3074,163,22,96.360725,PRELIMINARY
1429,5,1,118,1,3,2,4272,3074,166,21,96.381401,ENGINEERING
1430,5,1,118,1,3,3,4458,3074,121,21,96.809334,SERVICES
1431,2,1,119,0,0,0,3934,3131,534,42,-1,
1432,3,1,119,1,0,0,3934,3131,534,42,-1,
1433,4,1,119,1,1,0,3934,3131,85,17,-1,
1434,5,1,119,1,1,1,3934,3131,69,17,85.791763,FACILITY
1435,5,1,119,1,1,2,4016,3137,3,10,25.663696,:
1436,4,1,119,1,2,0,4196,3149,272,24,-1,
1437,5,1,119,1,2,1,4196,3149,28,24,96.927391,Su
1438,5,1,119,1,2,2,4243,3149,25,24,96.228157,Tu
1439,5,1,119,1,2,3,4289,3149,43,24,92.853073,Den
1440,5,1,119,1,2,4,4352,3149,116,24,51.254433,Northeost
1441,2,1,120,0,0,0,3806,3199,273,34,-1,
1442,3,1,120,1,0,0,3806,3199,273,34,-1,
1443,4,1,120,1,1,0,3806,3199,273,34,-1,
1444,5,1,120,1,1,1,3806,3199,70,34,95.591339,INITIAL
1445,5,1,120,1,1,2,3934,3202,74,16,96.616226,DRAWING
1446,5,1,120,1,1,3,4021,3202,41,16,90.045189,TITLE
1447,5,1,120,1,1,4,4077,3207,2,11,65.232994,;
1448,2,1,121,0,0,0,3752,3234,890,79,-1,
1449,3,1,121,1,0,0,3752,3234,890,79,-1,
1450,4,1,121,1,1,0,3752,3234,890,79,-1,
1451,5,1,121,1,1,1,3752,3234,40,79,55.250397,|
1452,5,1,121,1,1,2,3831,3238,79,71,68.206078,—
1453,5,1,121,1,1,3,4026,3243,93,24,95.430031,PIPING
1454,5,1,121,1,1,4,4142,3242,58,25,95.609741,AND
1455,5,1,121,1,1,5,4225,3242,265,25,95.609741,INSTRUMENTATION
1456,5,1,121,1,1,6,4516,3242,126,25,96.349266,DIAGRAM
1457,2,1,122,0,0,0,4158,3281,350,24,-1,
1458,3,1,122,1,0,0,4158,3281,350,24,-1,
1459,4,1,122,1,1,0,4158,3281,350,24,-1,
1460,5,1,122,1,1,1,4158,3281,106,24,69.568962,WHP-B
1461,5,1,122,1,1,2,4289,3281,44,24,96.062286,PIG
1462,5,1,122,1,1,3,4356,3281,152,24,96.062286,LAUNCHER
1463,2,1,123,0,0,0,3526,3185,231,73,-1,
1464,3,1,123,1,0,0,3526,3185,231,73,-1,
1465,4,1,123,1,1,0,3530,3185,227,18,-1,
1466,5,1,123,1,1,1,3530,3185,227,18,95.000000, 
1467,4,1,123,1,2,0,3526,3203,228,11,-1,
1468,5,1,123,1,2,1,3526,3203,228,11,95.000000, 
1469,4,1,123,1,3,0,3526,3214,12,14,-1,
1470,5,1,123,1,3,1,3526,3214,12,14,95.000000, 
1471,4,1,123,1,4,0,3526,3228,12,30,-1,
1472,5,1,123,1,4,1,3526,3228,12,30,95.000000,  
1473,2,1,124,0,0,0,3752,3214,2,44,-1,
1474,3,1,124,1,0,0,3752,3214,2,44,-1,
1475,4,1,124,1,1,0,3752,3214,2,14,-1,
1476,5,1,124,1,1,1,3752,3214,2,14,95.000000, 
1477,4,1,124,1,2,0,3752,3228,2,30,-1,
1478,5,1,124,1,2,1,3752,3228,2,30,95.000000,  
1479,2,1,125,0,0,0,3572,3225,146,22,-1,
1480,3,1,125,1,0,0,3572,3225,146,22,-1,
1481,4,1,125,1,1,0,3572,3225,146,22,-1,
1482,5,1,125,1,1,1,3572,3225,146,22,45.938866,DEPARTMENT
1483,2,1,126,0,0,0,3550,3282,189,131,-1,
1484,3,1,126,1,0,0,3550,3282,189,131,-1,
1485,4,1,126,1,1,0,3610,3282,69,21,-1,
1486,5,1,126,1,1,1,3610,3282,69,21,96.930466,PIPING
1487,4,1,126,1,2,0,3550,3319,189,21,-1,
1488,5,1,126,1,2,1,3550,3319,189,21,92.904144,INSTRUMENTATION
1489,4,1,126,1,3,0,3579,3356,130,20,-1,
1490,5,1,126,1,3,1,3579,3356,130,20,96.750679,MECHANICAL
1491,4,1,126,1,4,0,3583,3392,121,21,-1,
1492,5,1,126,1,4,1,3583,3392,121,21,96.872917,ELECTRICAL
1493,2,1,127,0,0,0,3526,3258,228,92,-1,
1494,3,1,127,1,0,0,3526,3258,228,92,-1,
1495,4,1,127,1,1,0,3526,3258,228,55,-1,
1496,5,1,127,1,1,1,3526,3258,228,55,95.000000,   
1497,4,1,127,1,2,0,3526,3313,24,37,-1,
1498,5,1,127,1,2,1,3526,3313,24,37,95.000000,  
1499,2,1,128,0,0,0,3533,3272,347,4,-1,
1500,3,1,128,1,0,0,3533,3272,347,4,-1,
1501,4,1,128,1,1,0,3533,3272,347,4,-1,
1502,5,1,128,1,1,1,3533,3272,347,4,95.000000, 
1503,2,1,129,0,0,0,3679,3272,77,72,-1,
1504,3,1,129,1,0,0,3679,3272,77,72,-1,
1505,4,1,129,1,1,0,3679,3272,77,72,-1,
1506,5,1,129,1,1,1,3679,3272,77,72,95.000000,   
1507,2,1,130,0,0,0,3537,3344,412,6,-1,
1508,3,1,130,1,0,0,3537,3344,412,6,-1,
1509,4,1,130,1,1,0,3537,3344,412,6,-1,
1510,5,1,130,1,1,1,3537,3344,412,6,95.000000, 
1511,2,1,131,0,0,0,4138,3349,616,4,-1,
1512,3,1,131,1,0,0,4138,3349,616,4,-1,
1513,4,1,131,1,1,0,4138,3349,616,4,-1,
1514,5,1,131,1,1,1,4138,3349,616,4,95.000000, 
1515,2,1,132,0,0,0,4101,3357,111,18,-1,
1516,3,1,132,1,0,0,4101,3357,111,18,-1,
1517,4,1,132,1,1,0,4101,3357,111,18,-1,
1518,5,1,132,1,1,1,4101,3357,75,18,43.434715,DRAWING
1519,5,1,132,1,1,2,4190,3359,22,15,85.611649,No.
1520,2,1,133,0,0,0,4192,3387,339,25,-1,
1521,3,1,133,1,0,0,4192,3387,339,25,-1,
1522,4,1,133,1,1,0,4192,3387,339,25,-1,
1523,5,1,133,1,1,1,4192,3387,339,25,33.631355,2006-4129-01-0112
1524,2,1,134,0,0,0,3526,3350,1236,73,-1,
1525,3,1,134,1,0,0,3526,3350,1236,73,-1,
1526,4,1,134,1,1,0,3709,3350,1053,36,-1,
1527,5,1,134,1,1,1,3709,3350,1053,36,95.000000, 
1528,4,1,134,1,2,0,3526,3386,12,37,-1,
1529,5,1,134,1,2,1,3526,3386,12,37,95.000000, 
1530,2,1,135,0,0,0,3534,3383,377,3,-1,
1531,3,1,135,1,0,0,3534,3383,377,3,-1,
1532,4,1,135,1,1,0,3534,3383,377,3,-1,
1533,5,1,135,1,1,1,3534,3383,377,3,95.000000, 
1534,2,1,136,0,0,0,3705,3386,1057,37,-1,
1535,3,1,136,1,0,0,3705,3386,1057,37,-1,
1536,4,1,136,1,1,0,3705,3386,1057,37,-1,
1537,5,1,136,1,1,1,3705,3386,1057,37,95.000000, 
1538,2,1,137,0,0,0,2470,3417,1245,8,-1,
1539,3,1,137,1,0,0,2470,3417,1245,8,-1,
1540,4,1,137,1,1,0,2470,3417,1245,8,-1,
1541,5,1,137,1,1,1,2470,3417,1245,8,95.000000, 
1542,2,1,138,0,0,0,3526,3420,1236,11,-1,
1543,3,1,138,1,0,0,3526,3420,1236,11,-1,
1544,4,1,138,1,1,0,3526,3420,1236,11,-1,
1545,5,1,138,1,1,1,3526,3420,1236,11,95.000000, 
1546,2,1,139,0,0,0,4958,40,3,828,-1,
1547,3,1,139,1,0,0,4958,40,3,828,-1,
1548,4,1,139,1,1,0,4958,40,3,828,-1,
1549,5,1,139,1,1,1,4958,40,3,828,95.000000, 
1550,2,1,140,0,0,0,4951,2888,5,610,-1,
1551,3,1,140,1,0,0,4951,2888,5,610,-1,
1552,4,1,140,1,1,0,4951,2888,5,610,-1,
1553,5,1,140,1,1,1,4951,2888,5,610,95.000000, 
1554,,,,,,,,,,,,
